-- phpMyAdmin SQL Dump
-- version 5.2.3
-- https://www.phpmyadmin.net/
--
-- Gép: localhost
-- Létrehozás ideje: 2026. Ápr 26. 21:11
-- Kiszolgáló verziója: 8.0.44
-- PHP verzió: 8.2.29

SET SQL_MODE = "NO_AUTO_VALUE_ON_ZERO";
START TRANSACTION;
SET time_zone = "+00:00";


/*!40101 SET @OLD_CHARACTER_SET_CLIENT=@@CHARACTER_SET_CLIENT */;
/*!40101 SET @OLD_CHARACTER_SET_RESULTS=@@CHARACTER_SET_RESULTS */;
/*!40101 SET @OLD_COLLATION_CONNECTION=@@COLLATION_CONNECTION */;
/*!40101 SET NAMES utf8mb4 */;

--
-- Adatbázis: `emenza_db`
--

-- --------------------------------------------------------

--
-- Tábla szerkezet ehhez a táblához `allergens`
--

CREATE TABLE `allergens` (
  `id` bigint UNSIGNED NOT NULL,
  `allergenName` varchar(255) COLLATE utf8mb4_unicode_ci NOT NULL,
  `icon` varchar(255) COLLATE utf8mb4_unicode_ci DEFAULT NULL
) ENGINE=InnoDB DEFAULT CHARSET=utf8mb4 COLLATE=utf8mb4_unicode_ci;

--
-- A tábla adatainak kiíratása `allergens`
--

INSERT INTO `allergens` (`id`, `allergenName`, `icon`) VALUES
(1, 'Glutén', 'allergens/gluten.png'),
(2, 'Rákfélék', 'allergens/rakfelek.png'),
(3, 'Tojás', 'allergens/tojas.png'),
(4, 'Hal', 'allergens/hal.png'),
(5, 'Földimogyoró', 'allergens/foldiMogyoro.png'),
(6, 'Szójabab', 'allergens/szoja.png'),
(7, 'Tej', 'allergens/tej.png'),
(8, 'Diófélék', 'allergens/diofelek.png'),
(9, 'Zeller', 'allergens/celery.png'),
(10, 'Mustár', 'allergens/mustar.png'),
(11, 'Kukorica', 'allergens/kukorica.png');

-- --------------------------------------------------------

--
-- Tábla szerkezet ehhez a táblához `cities`
--

CREATE TABLE `cities` (
  `id` bigint UNSIGNED NOT NULL,
  `cityName` varchar(255) COLLATE utf8mb4_unicode_ci NOT NULL,
  `zipCode` varchar(255) COLLATE utf8mb4_unicode_ci NOT NULL,
  `county_id` bigint UNSIGNED NOT NULL
) ENGINE=InnoDB DEFAULT CHARSET=utf8mb4 COLLATE=utf8mb4_unicode_ci;

--
-- A tábla adatainak kiíratása `cities`
--

INSERT INTO `cities` (`id`, `cityName`, `zipCode`, `county_id`) VALUES
(1, 'Aba', '8128', 1),
(2, 'Aba', '8127', 1),
(3, 'Abádszalók', '5241', 2),
(4, 'Abaliget', '7678', 3),
(5, 'Abasár', '3261', 4),
(6, 'Abaújalpár', '3882', 5),
(7, 'Abaújkér', '3882', 5),
(8, 'Abaújlak', '3815', 5),
(9, 'Abaújszántó', '3881', 5),
(10, 'Abaújszolnok', '3809', 5),
(11, 'Abaújvár', '3898', 5),
(12, 'Abda', '9151', 6),
(13, 'Abod', '3753', 5),
(14, 'Abony', '2740', 7),
(15, 'Ábrahámhegy', '8256', 8),
(16, 'Ács', '2941', 9),
(17, 'Acsa', '2683', 7),
(18, 'Acsád', '9746', 10),
(19, 'Acsalag', '9168', 6),
(20, 'Ácsteszér', '2887', 9),
(21, 'Adács', '3292', 4),
(22, 'Ádánd', '8653', 11),
(23, 'Adásztevel', '8561', 8),
(24, 'Adony', '2457', 1),
(25, 'Adorjánháza', '8497', 8),
(26, 'Adorjás', '7841', 3),
(27, 'Ág', '7381', 3),
(28, 'Ágasegyháza', '6076', 12),
(29, 'Ágfalva', '9423', 6),
(30, 'Aggtelek', '3759', 5),
(31, 'Agyagosszergény', '9441', 6),
(32, 'Ajak', '4524', 13),
(33, 'Ajka', '8447', 8),
(34, 'Ajka', '8448', 8),
(35, 'Ajka', '8451', 8),
(36, 'Ajka', '8400', 8),
(37, 'Aka', '2862', 9),
(38, 'Akasztó', '6221', 12),
(39, 'Alacska', '3779', 5),
(40, 'Alap', '7011', 1),
(41, 'Alattyán', '5142', 2),
(42, 'Albertirsa', '2730', 7),
(43, 'Alcsútdoboz', '8087', 1),
(44, 'Aldebrő', '3353', 4),
(45, 'Algyő', '6750', 14),
(46, 'Alibánfa', '8921', 15),
(47, 'Almamellék', '7934', 3),
(48, 'Almásfüzitő', '2931', 9),
(49, 'Almásháza', '8935', 15),
(50, 'Almáskamarás', '5747', 16),
(51, 'Almáskeresztúr', '7932', 3),
(52, 'Álmosd', '4285', 17),
(53, 'Alsóberecki', '3985', 5),
(54, 'Alsóbogát', '7443', 11),
(55, 'Alsódobsza', '3717', 5),
(56, 'Alsógagy', '3837', 5),
(57, 'Alsómocsolád', '7345', 3),
(58, 'Alsónána', '7147', 18),
(59, 'Alsónémedi', '2351', 7),
(60, 'Alsónemesapáti', '8924', 15),
(61, 'Alsónyék', '7148', 18),
(62, 'Alsóörs', '8226', 8),
(63, 'Alsópáhok', '8394', 15),
(64, 'Alsópetény', '2617', 19),
(65, 'Alsórajk', '8767', 15),
(66, 'Alsóregmec', '3989', 5),
(67, 'Alsószenterzsébet', '8973', 15),
(68, 'Alsószentiván', '7012', 1),
(69, 'Alsószentmárton', '7826', 3),
(70, 'Alsószölnök', '9983', 10),
(71, 'Alsószuha', '3726', 5),
(72, 'Alsótelekes', '3735', 5),
(73, 'Alsótold', '3069', 19),
(74, 'Alsóújlak', '9842', 10),
(75, 'Alsóvadász', '3811', 5),
(76, 'Alsózsolca', '3571', 5),
(77, 'Ambrózfalva', '6916', 14),
(78, 'Anarcs', '4546', 13),
(79, 'Andocs', '8675', 11),
(80, 'Andornaktálya', '3399', 4),
(81, 'Andrásfa', '9811', 10),
(82, 'Annavölgy', '2529', 9),
(83, 'Apácatorna', '8477', 8),
(84, 'Apagy', '4553', 13),
(85, 'Apaj', '2345', 7),
(86, 'Aparhant', '7186', 18),
(87, 'Apátfalva', '6931', 14),
(88, 'Apátistvánfalva', '9982', 10),
(89, 'Apátvarasd', '7720', 3),
(90, 'Apc', '3032', 4),
(91, 'Áporka', '2338', 7),
(92, 'Apostag', '6088', 12),
(93, 'Aranyosapáti', '4634', 13),
(94, 'Aranyosgadány', '7671', 3),
(95, 'Arka', '3885', 5),
(96, 'Arló', '3663', 5),
(97, 'Arnót', '3713', 5),
(98, 'Ároktő', '3467', 5),
(99, 'Árpádhalom', '6623', 14),
(100, 'Árpás', '9132', 6),
(101, 'Ártánd', '4115', 17),
(102, 'Ásotthalom', '6783', 14),
(103, 'Ásványráró', '9177', 6),
(104, 'Aszaló', '3841', 5),
(105, 'Aszód', '2170', 7),
(106, 'Aszófő', '8241', 8),
(107, 'Áta', '7763', 3),
(108, 'Átány', '3371', 4),
(109, 'Atkár', '3213', 4),
(110, 'Attala', '7252', 18),
(111, 'Babarc', '7757', 3),
(112, 'Babarcszőlős', '7814', 3),
(113, 'Babócsa', '7584', 11),
(114, 'Bábolna', '2943', 9),
(115, 'Bábonymegyer', '8658', 11),
(116, 'Babosdöbréte', '8983', 15),
(117, 'Babót', '9351', 6),
(118, 'Bácsalmás', '6430', 12),
(119, 'Bácsbokod', '6453', 12),
(120, 'Bácsborsód', '6454', 12),
(121, 'Bácsszentgyörgy', '6511', 12),
(122, 'Bácsszőlős', '6425', 12),
(123, 'Badacsonytomaj', '8261', 8),
(124, 'Badacsonytomaj', '8257', 8),
(125, 'Badacsonytomaj', '8258', 8),
(126, 'Badacsonytördemic', '8262', 8),
(127, 'Badacsonytördemic', '8263', 8),
(128, 'Bag', '2191', 7),
(129, 'Bagamér', '4286', 17),
(130, 'Baglad', '8977', 15),
(131, 'Bagod', '8992', 15),
(132, 'Bágyogszovát', '9145', 6),
(133, 'Baj', '2836', 9),
(134, 'Baja', '6503', 12),
(135, 'Baja', '6500', 12),
(136, 'Bajánsenye', '9944', 10),
(137, 'Bajna', '2525', 9),
(138, 'Bajót', '2533', 9),
(139, 'Bak', '8945', 15),
(140, 'Bakháza', '7585', 11),
(141, 'Bakóca', '7393', 3),
(142, 'Bakonszeg', '4164', 17),
(143, 'Bakonya', '7675', 3),
(144, 'Bakonybánk', '2885', 9),
(145, 'Bakonybél', '8427', 8),
(146, 'Bakonycsernye', '8056', 1),
(147, 'Bakonygyirót', '8433', 8),
(148, 'Bakonyjákó', '8581', 8),
(149, 'Bakonykoppány', '8571', 8),
(150, 'Bakonykúti', '8045', 1),
(151, 'Bakonynána', '8422', 8),
(152, 'Bakonyoszlop', '8418', 8),
(153, 'Bakonypéterd', '9088', 6),
(154, 'Bakonypölöske', '8457', 8),
(155, 'Bakonyság', '8557', 8),
(156, 'Bakonysárkány', '2861', 9),
(157, 'Bakonyszentiván', '8557', 8),
(158, 'Bakonyszentkirály', '8430', 8),
(159, 'Bakonyszentlászló', '8431', 8),
(160, 'Bakonyszombathely', '2884', 9),
(161, 'Bakonyszücs', '8572', 8),
(162, 'Bakonytamási', '8555', 8),
(163, 'Baks', '6768', 14),
(164, 'Baksa', '7834', 3),
(165, 'Baktakék', '3836', 5),
(166, 'Baktalórántháza', '4561', 13),
(167, 'Baktüttös', '8946', 15),
(168, 'Balajt', '3780', 5),
(169, 'Balassagyarmat', '2660', 19),
(170, 'Balástya', '6764', 14),
(171, 'Balaton', '3347', 4),
(172, 'Balatonakali', '8243', 8),
(173, 'Balatonalmádi', '8220', 8),
(174, 'Balatonberény', '8649', 11),
(175, 'Balatonboglár', '8691', 11),
(176, 'Balatonboglár', '8630', 11),
(177, 'Balatoncsicsó', '8272', 8),
(178, 'Balatonederics', '8312', 8),
(179, 'Balatonendréd', '8613', 11),
(180, 'Balatonfenyves', '8646', 11),
(181, 'Balatonfőkajár', '8164', 8),
(182, 'Balatonföldvár', '8623', 11),
(183, 'Balatonfüred', '8236', 8),
(184, 'Balatonfüred', '8230', 8),
(185, 'Balatonfűzfő', '8184', 8),
(186, 'Balatonfűzfő', '8175', 8),
(187, 'Balatongyörök', '8313', 15),
(188, 'Balatonhenye', '8275', 8),
(189, 'Balatonkenese', '8172', 8),
(190, 'Balatonkenese', '8174', 8),
(191, 'Balatonkeresztúr', '8648', 11),
(192, 'Balatonlelle', '8638', 11),
(193, 'Balatonmagyaród', '8753', 15),
(194, 'Balatonmáriafürdő', '8647', 11),
(195, 'Balatonőszöd', '8637', 11),
(196, 'Balatonrendes', '8255', 8),
(197, 'Balatonszabadi', '8651', 11),
(198, 'Balatonszárszó', '8624', 11),
(199, 'Balatonszemes', '8636', 11),
(200, 'Balatonszentgyörgy', '8710', 11),
(201, 'Balatonszepezd', '8252', 8),
(202, 'Balatonszőlős', '8233', 8),
(203, 'Balatonudvari', '8242', 8),
(204, 'Balatonújlak', '8712', 11),
(205, 'Balatonvilágos', '8171', 8),
(206, 'Balinka', '8054', 1),
(207, 'Balinka', '8055', 1),
(208, 'Balkány', '4233', 13),
(209, 'Ballószög', '6035', 12),
(210, 'Balmazújváros', '4060', 17),
(211, 'Balogunyom', '9771', 10),
(212, 'Balotaszállás', '6412', 12),
(213, 'Balsa', '4468', 13),
(214, 'Bálványos', '8614', 11),
(215, 'Bana', '2944', 9),
(216, 'Bánd', '8443', 8),
(217, 'Bánfa', '7914', 3),
(218, 'Bánhorváti', '3642', 5),
(219, 'Bánk', '2653', 19),
(220, 'Bánokszentgyörgy', '8891', 15),
(221, 'Bánréve', '3654', 5),
(222, 'Bár', '7711', 3),
(223, 'Barabás', '4937', 13),
(224, 'Baracs', '2427', 1),
(225, 'Baracs', '2426', 1),
(226, 'Baracska', '2471', 1),
(227, 'Báránd', '4161', 17),
(228, 'Baranyahidvég', '7841', 3),
(229, 'Baranyajenő', '7384', 3),
(230, 'Baranyaszentgyörgy', '7383', 3),
(231, 'Barbacs', '9169', 6),
(232, 'Barcs', '7557', 11),
(233, 'Barcs', '7570', 11),
(234, 'Bárdudvarnok', '7478', 11),
(235, 'Barlahida', '8948', 15),
(236, 'Bárna', '3126', 19),
(237, 'Barnag', '8291', 8),
(238, 'Bársonyos', '2883', 9),
(239, 'Basal', '7923', 3),
(240, 'Baskó', '3881', 5),
(241, 'Báta', '7149', 18),
(242, 'Bátaapáti', '7164', 18),
(243, 'Bátaszék', '7140', 18),
(244, 'Baté', '7258', 11),
(245, 'Bátmonostor', '6528', 12),
(246, 'Bátonyterenye', '3078', 19),
(247, 'Bátonyterenye', '3070', 19),
(248, 'Bátonyterenye', '3151', 19),
(249, 'Bátor', '3336', 4),
(250, 'Bátorliget', '4343', 13),
(251, 'Battonya', '5830', 16),
(252, 'Bátya', '6351', 12),
(253, 'Batyk', '8797', 15),
(254, 'Bázakerettye', '8887', 15),
(255, 'Bazsi', '8352', 8),
(256, 'Béb', '8565', 8),
(257, 'Becsehely', '8866', 15),
(258, 'Becske', '2693', 19),
(259, 'Becskeháza', '3768', 5),
(260, 'Becsvölgye', '8985', 15),
(261, 'Bedegkér', '8666', 11),
(262, 'Bedő', '4128', 17),
(263, 'Bejcgyertyános', '9683', 10),
(264, 'Békás', '8515', 8),
(265, 'Bekecs', '3903', 5),
(266, 'Békés', '5630', 16),
(267, 'Békéscsaba', '5623', 16),
(268, 'Békéscsaba', '5671', 16),
(269, 'Békéscsaba', '5600', 16),
(270, 'Békéssámson', '5946', 16),
(271, 'Békésszentandrás', '5561', 16),
(272, 'Bekölce', '3343', 4),
(273, 'Bélapátfalva', '3346', 4),
(274, 'Bélavár', '7589', 11),
(275, 'Belecska', '7061', 18),
(276, 'Beled', '9343', 6),
(277, 'Beleg', '7543', 11),
(278, 'Belezna', '8855', 15),
(279, 'Bélmegyer', '5643', 16),
(280, 'Beloiannisz', '2455', 1),
(281, 'Belsősárd', '8978', 15),
(282, 'Belvárdgyula', '7747', 3),
(283, 'Benk', '4643', 13),
(284, 'Bénye', '2216', 7),
(285, 'Bér', '3045', 19),
(286, 'Bérbaltavár', '9831', 10),
(287, 'Bercel', '2687', 19),
(288, 'Beregdaróc', '4934', 13),
(289, 'Beregsurány', '4933', 13),
(290, 'Berekböszörmény', '4116', 17),
(291, 'Berekfürdő', '5309', 2),
(292, 'Beremend', '7827', 3),
(293, 'Berente', '3704', 5),
(294, 'Beret', '3834', 5),
(295, 'Berettyóújfalu', '4103', 17),
(296, 'Berettyóújfalu', '4100', 17),
(297, 'Berhida', '8182', 8),
(298, 'Berhida', '8181', 8),
(299, 'Berkenye', '2641', 19),
(300, 'Berkesd', '7664', 3),
(301, 'Berkesz', '4521', 13),
(302, 'Bernecebaráti', '2639', 7),
(303, 'Berzék', '3575', 5),
(304, 'Berzence', '7516', 11),
(305, 'Besence', '7838', 3),
(306, 'Besenyőd', '4557', 13),
(307, 'Besenyőtelek', '3373', 4),
(308, 'Besenyszög', '5071', 2),
(309, 'Besnyő', '2456', 1),
(310, 'Beszterec', '4488', 13),
(311, 'Bezedek', '7782', 3),
(312, 'Bezenye', '9223', 6),
(313, 'Bezeréd', '8934', 15),
(314, 'Bezi', '9162', 6),
(315, 'Biatorbágy', '2051', 7),
(316, 'Bicsérd', '7671', 3),
(317, 'Bicske', '2060', 1),
(318, 'Bihardancsháza', '4175', 17),
(319, 'Biharkeresztes', '4110', 17),
(320, 'Biharnagybajom', '4172', 17),
(321, 'Bihartorda', '4174', 17),
(322, 'Biharugra', '5538', 16),
(323, 'Bikács', '7043', 18),
(324, 'Bikal', '7346', 3),
(325, 'Biri', '4235', 13),
(326, 'Birján', '7747', 3),
(327, 'Bisse', '7811', 3),
(328, 'Bő', '9625', 10),
(329, 'Boba', '9542', 15),
(330, 'Bocfölde', '8943', 4),
(331, 'Boconád', '3368', 12),
(332, 'Bőcs', '3574', 15),
(333, 'Bócsa', '6235', 17),
(334, 'Bocska', '8776', 3),
(335, 'Bocskaikert', '4241', 1),
(336, 'Boda', '7672', 1),
(337, 'Bodajk', '8053', 3),
(338, 'Böde', '8991', 6),
(339, 'Bödeháza', '8969', 4),
(340, 'Bodmér', '8085', 8),
(341, 'Bodolyabér', '7394', 11),
(342, 'Bodonhely', '9134', 5),
(343, 'Bodony', '3243', 5),
(344, 'Bodorfa', '8471', 5),
(345, 'Bodrog', '7439', 5),
(346, 'Bodroghalom', '3987', 5),
(347, 'Bodrogkeresztúr', '3916', 5),
(348, 'Bodrogkisfalud', '3917', 5),
(349, 'Bodrogolaszi', '3943', 5),
(350, 'Bódvalenke', '3768', 3),
(351, 'Bódvarákó', '3764', 3),
(352, 'Bódvaszilas', '3763', 3),
(353, 'Bogács', '3412', 18),
(354, 'Bogád', '7742', 6),
(355, 'Bogádmindszent', '7836', 17),
(356, 'Bogdása', '7966', 15),
(357, 'Bögöt', '9612', 9),
(358, 'Bögöte', '9675', 19),
(359, 'Bogyiszló', '7132', 4),
(360, 'Bogyoszló', '9324', 3),
(361, 'Böhönye', '8719', 5),
(362, 'Bojt', '4114', 5),
(363, 'Bókaháza', '8741', 5),
(364, 'Bokod', '2855', 11),
(365, 'Bököny', '4231', 11),
(366, 'Bokor', '3066', 3),
(367, 'Bölcske', '7025', 15),
(368, 'Boldog', '3016', 11),
(369, 'Boldogasszonyfa', '7937', 18),
(370, 'Boldogkőújfalu', '3884', 18),
(371, 'Boldogkőváralja', '3885', 18),
(372, 'Boldva', '3794', 14),
(373, 'Bolhás', '7517', 10),
(374, 'Bolhó', '7586', 3),
(375, 'Bóly', '7754', 12),
(376, 'Boncodfölde', '8992', 15),
(377, 'Bonnya', '7281', 5),
(378, 'Bőny', '9073', 5),
(379, 'Bonyhád', '7187', 5),
(380, 'Bonyhád', '7150', 5),
(381, 'Bonyhádvarasd', '7158', 5),
(382, 'Börcs', '9152', 5),
(383, 'Bordány', '6795', 5),
(384, 'Borgáta', '9554', 19),
(385, 'Borjád', '7756', 8),
(386, 'Borota', '6445', 8),
(387, 'Borsfa', '8885', 3),
(388, 'Borsodbóta', '3658', 13),
(389, 'Borsodgeszt', '3426', 3),
(390, 'Borsodivánka', '3462', 10),
(391, 'Borsodnádasd', '3672', 10),
(392, 'Borsodnádasd', '3671', 5),
(393, 'Borsodszentgyörgy', '3623', 10),
(394, 'Borsodszirák', '3796', 5),
(395, 'Borsosberény', '2644', 15),
(396, 'Borszörcsök', '8479', 15),
(397, 'Borzavár', '8428', 10),
(398, 'Börzönce', '8772', 10),
(399, 'Bősárkány', '9167', 11),
(400, 'Bosta', '7811', 13),
(401, 'Bőszénfa', '7475', 18),
(402, 'Botpalád', '4955', 6),
(403, 'Botykapeterd', '7900', 6),
(404, 'Bozsok', '9727', 15),
(405, 'Bózsva', '3994', 6),
(406, 'Bozzai', '9752', 11),
(407, 'Bucsa', '5527', 16),
(408, 'Bucsu', '9792', 10),
(409, 'Bucsuszentlászló', '8925', 15),
(410, 'Bucsuta', '8893', 15),
(411, 'Budajenő', '2093', 7),
(412, 'Budakalász', '2011', 7),
(413, 'Budakeszi', '2092', 7),
(414, 'Budaörs', '2040', 7),
(415, 'Bugac', '6114', 12),
(416, 'Bugacpusztaháza', '6114', 12),
(417, 'Bugyi', '2347', 7),
(418, 'Buj', '4483', 13),
(419, 'Buják', '3047', 19),
(420, 'Bük', '9740', 11),
(421, 'Bük', '9737', 10),
(422, 'Bükkábrány', '3422', 10),
(423, 'Bükkaranyos', '3554', 5),
(424, 'Bükkmogyorósd', '3648', 5),
(425, 'Bükkösd', '7682', 5),
(426, 'Bükkszék', '3335', 3),
(427, 'Bükkszenterzsébet', '3257', 4),
(428, 'Bükkszentkereszt', '3557', 4),
(429, 'Bükkszentmárton', '3346', 5),
(430, 'Bükkzsérc', '3414', 4),
(431, 'Bürüs', '7973', 5),
(432, 'Büssü', '7273', 3),
(433, 'Büttös', '3821', 11),
(434, 'Buzsák', '8695', 5),
(435, 'Cák', '9725', 10),
(436, 'Cakóháza', '9165', 6),
(437, 'Cece', '7013', 1),
(438, 'Cégénydányád', '4732', 13),
(439, 'Cegléd', '2738', 7),
(440, 'Cegléd', '2700', 7),
(441, 'Ceglédbercel', '2737', 7),
(442, 'Celldömölk', '9541', 10),
(443, 'Celldömölk', '9500', 10),
(444, 'Cered', '3123', 19),
(445, 'Chernelházadamonya', '9624', 10),
(446, 'Cibakháza', '5462', 2),
(447, 'Cigánd', '3973', 5),
(448, 'Cikó', '7161', 18),
(449, 'Cirák', '9364', 6),
(450, 'Csabacsűd', '5551', 16),
(451, 'Csabaszabadi', '5609', 16),
(452, 'Csabdi', '2064', 1),
(453, 'Csabrendek', '8474', 8),
(454, 'Csáfordjánosfa', '9375', 6),
(455, 'Csaholc', '4967', 13),
(456, 'Csajág', '8163', 8),
(457, 'Csákány', '8735', 11),
(458, 'Csákánydoroszló', '9919', 10),
(459, 'Csákberény', '8073', 1),
(460, 'Csákvár', '8083', 1),
(461, 'Csanádalberti', '6915', 14),
(462, 'Csanádapáca', '5662', 16),
(463, 'Csanádpalota', '6913', 14),
(464, 'Csánig', '9654', 10),
(465, 'Csány', '3015', 4),
(466, 'Csányoszró', '7964', 3),
(467, 'Csanytelek', '6647', 14),
(468, 'Csapi', '8756', 15),
(469, 'Csapod', '9372', 6),
(470, 'Csárdaszállás', '5621', 16),
(471, 'Csarnóta', '7811', 3),
(472, 'Csaroda', '4844', 13),
(473, 'Császár', '2858', 9),
(474, 'Császártöltés', '6239', 12),
(475, 'Császló', '4973', 13),
(476, 'Csátalja', '6523', 12),
(477, 'Csatár', '8943', 15),
(478, 'Csataszög', '5064', 2),
(479, 'Csatka', '2888', 9),
(480, 'Csávoly', '6448', 12),
(481, 'Csebény', '7935', 3),
(482, 'Csécse', '3052', 19),
(483, 'Csegöld', '4742', 13),
(484, 'Csehbánya', '8445', 8),
(485, 'Csehi', '9833', 10),
(486, 'Csehimindszent', '9834', 10),
(487, 'Csém', '2949', 9),
(488, 'Csemő', '2713', 7),
(489, 'Csempeszkopács', '9764', 10),
(490, 'Csengele', '6765', 14),
(491, 'Csenger', '4765', 13),
(492, 'Csengersima', '4743', 13),
(493, 'Csengerújfalu', '4764', 13),
(494, 'Csengőd', '6222', 12),
(495, 'Csénye', '9611', 10),
(496, 'Csenyéte', '3837', 5),
(497, 'Csép', '2946', 9),
(498, 'Csépa', '5475', 2),
(499, 'Csepreg', '9735', 10),
(500, 'Csér', '9375', 6),
(501, 'Cserdi', '7683', 3),
(502, 'Cserénfa', '7472', 11),
(503, 'Cserépfalu', '3413', 5),
(504, 'Cserépváralja', '3417', 5),
(505, 'Cserháthaláp', '2694', 19),
(506, 'Cserhátsurány', '2676', 19),
(507, 'Cserhátszentiván', '3066', 19),
(508, 'Cserkeszőlő', '5465', 2),
(509, 'Cserkút', '7673', 3),
(510, 'Csernely', '3648', 5),
(511, 'Cserszegtomaj', '8372', 15),
(512, 'Csertalakos', '8951', 15),
(513, 'Csertő', '7900', 3),
(514, 'Csesznek', '8419', 8),
(515, 'Csesztreg', '8973', 15),
(516, 'Csesztve', '2678', 19),
(517, 'Csetény', '8417', 8),
(518, 'Csévharaszt', '2212', 7),
(519, 'Csibrák', '7225', 18),
(520, 'Csikéria', '6424', 12),
(521, 'Csikóstőttős', '7341', 18),
(522, 'Csikvánd', '9127', 6),
(523, 'Csincse', '3442', 5),
(524, 'Csipkerek', '9836', 10),
(525, 'Csitár', '2673', 19),
(526, 'Csobád', '3848', 5),
(527, 'Csobaj', '3927', 5),
(528, 'Csobánka', '2014', 7),
(529, 'Csöde', '8999', 1),
(530, 'Csögle', '8495', 11),
(531, 'Csókakő', '8074', 5),
(532, 'Csökmő', '4145', 9),
(533, 'Csököly', '7526', 12),
(534, 'Csokonyavisonta', '7555', 11),
(535, 'Csokvaomány', '3647', 7),
(536, 'Csolnok', '2521', 11),
(537, 'Csólyospálos', '6135', 14),
(538, 'Csoma', '7253', 14),
(539, 'Csomád', '2161', 15),
(540, 'Csombárd', '7432', 3),
(541, 'Csömend', '8700', 8),
(542, 'Csömödér', '8957', 1),
(543, 'Csömör', '2141', 6),
(544, 'Csönge', '9513', 16),
(545, 'Csongrád', '6648', 8),
(546, 'Csongrád', '6640', 15),
(547, 'Csonkahegyhát', '8918', 8),
(548, 'Csonkamindszent', '7940', 17),
(549, 'Csopak', '8229', 11),
(550, 'Csór', '8041', 11),
(551, 'Csorna', '9300', 15),
(552, 'Csörnyeföld', '8873', 7),
(553, 'Csörötnek', '9962', 10),
(554, 'Csorvás', '5920', 15),
(555, 'Csősz', '8122', 10),
(556, 'Csót', '8558', 1),
(557, 'Csővár', '2615', 7),
(558, 'Csurgó', '8840', 11),
(559, 'Csurgónagymarton', '8840', 11),
(560, 'Cún', '7843', 3),
(561, 'Dabas', '2373', 7),
(562, 'Dabas', '2371', 7),
(563, 'Dabas', '2370', 7),
(564, 'Dabronc', '8345', 8),
(565, 'Dabrony', '8485', 8),
(566, 'Dad', '2854', 9),
(567, 'Dág', '2522', 9),
(568, 'Dáka', '8592', 8),
(569, 'Dalmand', '7211', 18),
(570, 'Damak', '3780', 5),
(571, 'Dámóc', '3978', 5),
(572, 'Dánszentmiklós', '2735', 7),
(573, 'Dány', '2118', 7),
(574, 'Daraboshegy', '9917', 10),
(575, 'Darány', '7988', 11),
(576, 'Darnó', '4737', 13),
(577, 'Darnózseli', '9232', 6),
(578, 'Darvas', '4144', 17),
(579, 'Dávod', '6524', 12),
(580, 'Debercsény', '2694', 19),
(581, 'Debrecen', '4079', 17),
(582, 'Debrecen', '4078', 17),
(583, 'Debrecen', '4225', 17),
(584, 'Debrecen', '4063', 17),
(585, 'Debrecen', '4000', 17),
(586, 'Debrecen', '4002', 17),
(587, 'Debrecen', '4024', 17),
(588, 'Debrecen', '4025', 17),
(589, 'Debrecen', '4026', 17),
(590, 'Debrecen', '4027', 17),
(591, 'Debrecen', '4028', 17),
(592, 'Debrecen', '4029', 17),
(593, 'Debrecen', '4030', 17),
(594, 'Debrecen', '4031', 17),
(595, 'Debrecen', '4032', 17),
(596, 'Debrecen', '4033', 17),
(597, 'Debrecen', '4034', 17),
(598, 'Debréte', '3825', 5),
(599, 'Decs', '7144', 18),
(600, 'Dédestapolcsány', '3643', 5),
(601, 'Dég', '8135', 1),
(602, 'Dejtár', '2649', 19),
(603, 'Délegyháza', '2337', 7),
(604, 'Demecser', '4516', 13),
(605, 'Demjén', '3395', 4),
(606, 'Dencsháza', '7915', 3),
(607, 'Dénesfa', '9365', 6),
(608, 'Derecske', '4130', 17),
(609, 'Derekegyház', '6621', 14),
(610, 'Deszk', '6772', 14),
(611, 'Detek', '3834', 5),
(612, 'Detk', '3275', 4),
(613, 'Dévaványa', '5510', 16),
(614, 'Devecser', '8460', 8),
(615, 'Dinnyeberki', '7683', 3),
(616, 'Diósberény', '7072', 18),
(617, 'Diósd', '2049', 7),
(618, 'Diósjenő', '2643', 19),
(619, 'Dióskál', '8764', 15),
(620, 'Diósviszló', '7817', 3),
(621, 'Doba', '8482', 8),
(622, 'Döbörhegy', '9914', 16),
(623, 'Doboz', '5624', 15),
(624, 'Dobri', '8874', 15),
(625, 'Döbröce', '8357', 14),
(626, 'Döbrököz', '7228', 5),
(627, 'Dobronhegy', '8989', 14),
(628, 'Döbrönte', '8597', 16),
(629, 'Dóc', '6766', 16),
(630, 'Döge', '4495', 18),
(631, 'Domaháza', '3627', 13),
(632, 'Domaszék', '6781', 7),
(633, 'Dombegyház', '5836', 4),
(634, 'Dombiratos', '5745', 4),
(635, 'Dombóvár', '7200', 9),
(636, 'Dombrád', '4492', 19),
(637, 'Domony', '2182', 10),
(638, 'Dömös', '2027', 10),
(639, 'Domoszló', '3263', 15),
(640, 'Dömsöd', '2344', 18),
(641, 'Dör', '9147', 8),
(642, 'Dörgicse', '8244', 13),
(643, 'Dormánd', '3374', 9),
(644, 'Dorog', '2510', 7),
(645, 'Dorogháza', '3153', 6),
(646, 'Döröske', '9913', 8),
(647, 'Dötk', '8799', 10),
(648, 'Dövény', '3721', 15),
(649, 'Dozmat', '9791', 5),
(650, 'Drágszél', '6342', 12),
(651, 'Drávacsehi', '7849', 3),
(652, 'Drávacsepely', '7846', 3),
(653, 'Drávafok', '7967', 3),
(654, 'Drávagárdony', '7977', 11),
(655, 'Drávaiványi', '7960', 3),
(656, 'Drávakeresztúr', '7967', 3),
(657, 'Drávapalkonya', '7850', 3),
(658, 'Drávapiski', '7843', 3),
(659, 'Drávaszabolcs', '7851', 3),
(660, 'Drávaszerdahely', '7847', 3),
(661, 'Drávasztára', '7960', 3),
(662, 'Drávatamási', '7979', 11),
(663, 'Drégelypalánk', '2646', 19),
(664, 'Dubicsány', '3635', 5),
(665, 'Dudar', '8416', 8),
(666, 'Duka', '9556', 10),
(667, 'Dunaalmás', '2545', 9),
(668, 'Dunabogdány', '2023', 7),
(669, 'Dunaegyháza', '6323', 12),
(670, 'Dunafalva', '6513', 12),
(671, 'Dunaföldvár', '7020', 18),
(672, 'Dunaharaszti', '2330', 7),
(673, 'Dunakeszi', '2120', 7),
(674, 'Dunakiliti', '9225', 6),
(675, 'Dunapataj', '6328', 12),
(676, 'Dunaremete', '9235', 6),
(677, 'Dunaszeg', '9174', 6),
(678, 'Dunaszekcső', '7712', 3),
(679, 'Dunaszentbenedek', '6333', 12),
(680, 'Dunaszentgyörgy', '7135', 18),
(681, 'Dunaszentmiklós', '2897', 9),
(682, 'Dunaszentpál', '9175', 6),
(683, 'Dunasziget', '9226', 6),
(684, 'Dunatetétlen', '6325', 12),
(685, 'Dunaújváros', '2407', 1),
(686, 'Dunaújváros', '2400', 1),
(687, 'Dunavarsány', '2336', 7),
(688, 'Dunavecse', '6087', 12),
(689, 'Dusnok', '6353', 12),
(690, 'Dúzs', '7224', 18),
(691, 'Ebergőc', '9451', 6),
(692, 'Ebes', '4211', 17),
(693, 'Écs', '9083', 6),
(694, 'Ecséd', '3013', 4),
(695, 'Ecseg', '3053', 19),
(696, 'Ecsegfalva', '5515', 16),
(697, 'Ecseny', '7457', 11),
(698, 'Ecser', '2233', 7),
(699, 'Edde', '7443', 11),
(700, 'Edelény', '3783', 5),
(701, 'Edelény', '3780', 5),
(702, 'Edve', '9343', 6),
(703, 'Eger', '3304', 4),
(704, 'Eger', '3323', 4),
(705, 'Eger', '3300', 4),
(706, 'Egerág', '7763', 3),
(707, 'Egeralja', '8497', 8),
(708, 'Egeraracsa', '8765', 15),
(709, 'Egerbakta', '3321', 4),
(710, 'Egerbocs', '3337', 4),
(711, 'Egercsehi', '3341', 4),
(712, 'Egerfarmos', '3379', 4),
(713, 'Egerlövő', '3461', 5),
(714, 'Egerszalók', '3394', 4),
(715, 'Égerszög', '3757', 4),
(716, 'Egerszólát', '3328', 5),
(717, 'Egervár', '8913', 15),
(718, 'Egervölgy', '9684', 10),
(719, 'Egyed', '9314', 6),
(720, 'Egyek', '4067', 17),
(721, 'Egyek', '4069', 17),
(722, 'Egyházasdengeleg', '3043', 19),
(723, 'Egyházasfalu', '9473', 6),
(724, 'Egyházasgerge', '3185', 19),
(725, 'Egyházasharaszti', '7824', 3),
(726, 'Egyházashetye', '9554', 10),
(727, 'Egyházashollós', '9781', 10),
(728, 'Egyházaskesző', '8523', 8),
(729, 'Egyházaskozár', '7347', 3),
(730, 'Egyházasrádóc', '9783', 10),
(731, 'Elek', '5742', 16),
(732, 'Ellend', '7744', 3),
(733, 'Előszállás', '2423', 1),
(734, 'Előszállás', '2424', 1),
(735, 'Emőd', '3432', 5),
(736, 'Encs', '3854', 5),
(737, 'Encs', '3860', 5),
(738, 'Encsencs', '4374', 13),
(739, 'Endrefalva', '3165', 19),
(740, 'Endrőc', '7973', 3),
(741, 'Enese', '9143', 6),
(742, 'Enying', '8131', 1),
(743, 'Enying', '8130', 1),
(744, 'Eperjes', '6624', 14),
(745, 'Eperjeske', '4646', 13),
(746, 'Eplény', '8413', 8),
(747, 'Epöl', '2526', 9),
(748, 'Ercsi', '2453', 1),
(749, 'Ercsi', '2451', 1),
(750, 'Érd', '2036', 7),
(751, 'Érd', '2035', 7),
(752, 'Érd', '2030', 7),
(753, 'Erdőbénye', '3932', 5),
(754, 'Erdőhorváti', '3935', 5),
(755, 'Erdőkertes', '2113', 7),
(756, 'Erdőkövesd', '3252', 4),
(757, 'Erdőkürt', '2176', 19),
(758, 'Erdősmárok', '7735', 3),
(759, 'Erdősmecske', '7723', 3),
(760, 'Erdőtarcsa', '2177', 19),
(761, 'Erdőtelek', '3358', 4),
(762, 'Erk', '3295', 4),
(763, 'Érpatak', '4245', 13),
(764, 'Érsekcsanád', '6347', 12),
(765, 'Érsekhalma', '6348', 12),
(766, 'Érsekvadkert', '2659', 19),
(767, 'Értény', '7093', 18),
(768, 'Erzsébet', '7661', 3),
(769, 'Esztár', '4124', 17),
(770, 'Eszteregnye', '8882', 15),
(771, 'Esztergályhorváti', '8742', 15),
(772, 'Esztergom', '2509', 9),
(773, 'Esztergom', '2500', 9),
(774, 'Ete', '2947', 9),
(775, 'Etes', '3136', 19),
(776, 'Etyek', '2091', 1),
(777, 'Fábiánháza', '4354', 13),
(778, 'Fábiánsebestyén', '6625', 14),
(779, 'Fácánkert', '7136', 18),
(780, 'Fadd', '7139', 18),
(781, 'Fadd', '7133', 18),
(782, 'Fáj', '3865', 5),
(783, 'Fajsz', '6352', 12),
(784, 'Fancsal', '3855', 5),
(785, 'Farád', '9321', 6),
(786, 'Farkasgyepű', '8582', 8),
(787, 'Farkaslyuk', '3608', 5),
(788, 'Farmos', '2765', 7),
(789, 'Fazekasboda', '7732', 3),
(790, 'Fedémes', '3255', 4),
(791, 'Fegyvernek', '5213', 2),
(792, 'Fegyvernek', '5231', 2),
(793, 'Fehérgyarmat', '4900', 13),
(794, 'Fehértó', '9163', 6),
(795, 'Fehérvárcsurgó', '8052', 1),
(796, 'Feked', '7724', 3),
(797, 'Feketeerdő', '9211', 6),
(798, 'Felcsút', '8086', 1),
(799, 'Feldebrő', '3352', 4),
(800, 'Felgyő', '6645', 14),
(801, 'Felpéc', '9122', 6),
(802, 'Felsőberecki', '3985', 5),
(803, 'Felsőcsatár', '9794', 10),
(804, 'Felsődobsza', '3847', 5),
(805, 'Felsőegerszeg', '7370', 3),
(806, 'Felsőgagy', '3837', 5),
(807, 'Felsőjánosfa', '9934', 10),
(808, 'Felsőkelecsény', '3722', 5),
(809, 'Felsőlajos', '6055', 12),
(810, 'Felsőmarác', '9918', 10),
(811, 'Felsőmocsolád', '7456', 11),
(812, 'Felsőnána', '7175', 18),
(813, 'Felsőnyárád', '3721', 5),
(814, 'Felsőnyék', '7099', 18),
(815, 'Felsőörs', '8227', 8),
(816, 'Felsőpáhok', '8380', 15),
(817, 'Felsőpakony', '2363', 7),
(818, 'Felsőpetény', '2611', 19),
(819, 'Felsőrajk', '8767', 15),
(820, 'Felsőregmec', '3989', 5),
(821, 'Felsőszenterzsébet', '8973', 15),
(822, 'Felsőszentiván', '6447', 12),
(823, 'Felsőszentmárton', '7968', 3),
(824, 'Felsőszölnök', '9985', 10),
(825, 'Felsőtárkány', '3324', 4),
(826, 'Felsőtelekes', '3735', 5),
(827, 'Felsőtold', '3067', 19),
(828, 'Felsővadász', '3814', 5),
(829, 'Felsőzsolca', '3561', 5),
(830, 'Fényeslitke', '4621', 13),
(831, 'Fenyőfő', '8432', 8),
(832, 'Ferencszállás', '6774', 14),
(833, 'Fertőboz', '9493', 6),
(834, 'Fertőd', '9433', 6),
(835, 'Fertőd', '9431', 6),
(836, 'Fertőendréd', '9442', 6),
(837, 'Fertőhomok', '9492', 6),
(838, 'Fertőrákos', '9421', 6),
(839, 'Fertőszentmiklós', '9444', 6),
(840, 'Fertőszéplak', '9436', 6),
(841, 'Fiad', '7282', 11),
(842, 'Filkeháza', '3994', 5),
(843, 'Fityeház', '8835', 15),
(844, 'Foktő', '6331', 12),
(845, 'Földeák', '6922', 17),
(846, 'Földes', '4177', 11),
(847, 'Folyás', '4090', 5),
(848, 'Fonó', '7271', 11),
(849, 'Fony', '3893', 11),
(850, 'Főnyed', '8732', 14),
(851, 'Fonyód', '8644', 5),
(852, 'Fonyód', '8640', 7),
(853, 'Forráskút', '6793', 14),
(854, 'Forró', '3849', 17),
(855, 'Fót', '2151', 11),
(856, 'Füle', '8157', 5),
(857, 'Fülesd', '4964', 17),
(858, 'Fulókércs', '3864', 1),
(859, 'Fülöp', '4266', 13),
(860, 'Fülöpháza', '6042', 17),
(861, 'Fülöpjakab', '6116', 12),
(862, 'Fülöpszállás', '6085', 12),
(863, 'Fülpösdaróc', '4754', 12),
(864, 'Fürged', '7087', 13),
(865, 'Furta', '4141', 18),
(866, 'Füzér', '3996', 5),
(867, 'Füzérkajata', '3994', 5),
(868, 'Füzérkomlós', '3997', 5),
(869, 'Füzérradvány', '3993', 5),
(870, 'Füzesabony', '3390', 4),
(871, 'Füzesgyarmat', '5525', 16),
(872, 'Füzvölgy', '8777', 15),
(873, 'Gáborján', '4122', 17),
(874, 'Gáborjánháza', '8969', 15),
(875, 'Gacsály', '4972', 13),
(876, 'Gadács', '7276', 11),
(877, 'Gadány', '8716', 11),
(878, 'Gadna', '3815', 5),
(879, 'Gádoros', '5932', 16),
(880, 'Gagyapáti', '3837', 5),
(881, 'Gagybátor', '3817', 5),
(882, 'Gagyvendégi', '3816', 5),
(883, 'Galambok', '8754', 15),
(884, 'Galgaguta', '2686', 19),
(885, 'Galgagyörk', '2681', 7),
(886, 'Galgahévíz', '2193', 7),
(887, 'Galgamácsa', '2183', 7),
(888, 'Gálosfa', '7473', 11),
(889, 'Galvács', '3752', 5),
(890, 'Gamás', '8685', 11),
(891, 'Ganna', '8597', 8),
(892, 'Gánt', '8082', 1),
(893, 'Gara', '6522', 12),
(894, 'Garáb', '3067', 19),
(895, 'Garabonc', '8747', 15),
(896, 'Garadna', '3873', 5),
(897, 'Garbolc', '4976', 13),
(898, 'Gárdony', '2484', 1),
(899, 'Gárdony', '2485', 1),
(900, 'Gárdony', '2483', 1),
(901, 'Garé', '7812', 3),
(902, 'Gasztony', '9952', 10),
(903, 'Gátér', '6111', 12),
(904, 'Gávavencsellő', '4471', 13),
(905, 'Gávavencsellő', '4472', 13),
(906, 'Géberjén', '4754', 13),
(907, 'Gecse', '8543', 8),
(908, 'Géderlak', '6334', 12),
(909, 'Gégény', '4517', 13),
(910, 'Gelej', '3444', 5),
(911, 'Gelénes', '4935', 13),
(912, 'Gellénháza', '8981', 15),
(913, 'Gelse', '8774', 15),
(914, 'Gelsesziget', '8774', 15),
(915, 'Gemzse', '4567', 13),
(916, 'Gencsapáti', '9721', 10),
(917, 'Gérce', '9672', 10),
(918, 'Gerde', '7951', 3),
(919, 'Gerendás', '5925', 16),
(920, 'Gerényes', '7362', 3),
(921, 'Geresdlak', '7733', 3),
(922, 'Gerjen', '7134', 18),
(923, 'Gersekarát', '9813', 10),
(924, 'Geszt', '5734', 16),
(925, 'Gesztely', '3923', 5),
(926, 'Gesztely', '3715', 5),
(927, 'Geszteréd', '4232', 13),
(928, 'Gétye', '8762', 15),
(929, 'Gic', '8435', 8),
(930, 'Gige', '7527', 11),
(931, 'Gilvánfa', '7954', 3),
(932, 'Girincs', '3578', 5),
(933, 'Göd', '2131', 8),
(934, 'Göd', '2132', 5),
(935, 'Gödöllő', '2100', 7),
(936, 'Gödre', '7386', 15),
(937, 'Gödre', '7385', 10),
(938, 'Gógánfa', '8346', 3),
(939, 'Gölle', '7272', 15),
(940, 'Golop', '3906', 7),
(941, 'Gomba', '2217', 7),
(942, 'Gombosszeg', '8984', 7),
(943, 'Gömörszőlős', '3728', 3),
(944, 'Gönc', '3895', 3),
(945, 'Göncruszka', '3894', 11),
(946, 'Gönyű', '9071', 5),
(947, 'Gór', '9625', 5),
(948, 'Görbeháza', '4075', 5),
(949, 'Görcsöny', '7833', 6),
(950, 'Görcsönydoboka', '7728', 17),
(951, 'Gordisa', '7853', 3),
(952, 'Görgeteg', '7553', 3),
(953, 'Gősfa', '8913', 11),
(954, 'Gosztola', '8978', 15),
(955, 'Grábóc', '7162', 18),
(956, 'Gulács', '4842', 13),
(957, 'Gutorfölde', '8951', 15),
(958, 'Gyál', '2360', 7),
(959, 'Gyalóka', '9474', 6),
(960, 'Gyanógeregye', '9774', 10),
(961, 'Gyarmat', '9126', 6),
(962, 'Gyékényes', '8851', 11),
(963, 'Gyenesdiás', '8315', 15),
(964, 'Gyepükaján', '8473', 8),
(965, 'Gyermely', '2821', 9),
(966, 'Gyód', '7668', 3),
(967, 'Gyomaendrőd', '5502', 16),
(968, 'Gyomaendrőd', '5500', 16),
(969, 'Gyömöre', '9124', 6),
(970, 'Gyömrő', '2230', 6),
(971, 'Gyöngyfa', '7954', 7),
(972, 'Gyöngyös', '3221', 3),
(973, 'Gyöngyös', '3232', 4),
(974, 'Gyöngyös', '3233', 4),
(975, 'Gyöngyös', '3200', 4),
(976, 'Gyöngyösfalu', '9723', 4),
(977, 'Gyöngyöshalász', '3212', 10),
(978, 'Gyöngyösmellék', '7972', 4),
(979, 'Gyöngyösoroszi', '3211', 3),
(980, 'Gyöngyöspata', '3035', 4),
(981, 'Gyöngyössolymos', '3231', 4),
(982, 'Gyöngyöstarján', '3036', 4),
(983, 'Gyönk', '7064', 4),
(984, 'Győr', '9019', 18),
(985, 'Győr', '9011', 6),
(986, 'Győr', '9012', 6),
(987, 'Győr', '9000', 6),
(988, 'Győr', '9021', 6),
(989, 'Győr', '9022', 6),
(990, 'Győr', '9023', 6),
(991, 'Győr', '9024', 6),
(992, 'Győr', '9025', 6),
(993, 'Győr', '9026', 6),
(994, 'Győr', '9027', 6),
(995, 'Győr', '9028', 6),
(996, 'Győr', '9029', 6),
(997, 'Győr', '9030', 6),
(998, 'Győrasszonyfa', '9093', 6),
(999, 'Györe', '7352', 6),
(1000, 'Györgytarló', '3954', 18),
(1001, 'Györköny', '7045', 5),
(1002, 'Győrladamér', '9173', 18),
(1003, 'Gyóró', '9363', 6),
(1004, 'Győröcske', '4625', 13),
(1005, 'Győrság', '9084', 6),
(1006, 'Győrsövényház', '9161', 6),
(1007, 'Győrszemere', '9121', 6),
(1008, 'Győrtelek', '4752', 13),
(1009, 'Győrújbarát', '9081', 6),
(1010, 'Győrújfalu', '9171', 6),
(1011, 'Győrvár', '9821', 10),
(1012, 'Győrzámoly', '9172', 6),
(1013, 'Gyugy', '8692', 11),
(1014, 'Gyügye', '4733', 16),
(1015, 'Gyula', '5711', 16),
(1016, 'Gyula', '5703', 16),
(1017, 'Gyula', '5700', 13),
(1018, 'Gyulaháza', '4545', 18),
(1019, 'Gyulaj', '7227', 8),
(1020, 'Gyulakeszi', '8286', 1),
(1021, 'Gyüre', '4813', 13),
(1022, 'Gyúró', '2464', 13),
(1023, 'Gyűrűs', '8932', 15),
(1024, 'Hács', '8694', 11),
(1025, 'Hagyárosbörönd', '8992', 15),
(1026, 'Hahót', '8771', 15),
(1027, 'Hajdúbagos', '4273', 17),
(1028, 'Hajdúböszörmény', '4224', 17),
(1029, 'Hajdúböszörmény', '4086', 17),
(1030, 'Hajdúböszörmény', '4074', 17),
(1031, 'Hajdúböszörmény', '4220', 17),
(1032, 'Hajdúdorog', '4087', 17),
(1033, 'Hajdúhadház', '4242', 17),
(1034, 'Hajdúnánás', '4085', 17),
(1035, 'Hajdúnánás', '4080', 17),
(1036, 'Hajdúsámson', '4251', 17),
(1037, 'Hajdúszoboszló', '4200', 17),
(1038, 'Hajdúszovát', '4212', 17),
(1039, 'Hajmás', '7473', 11),
(1040, 'Hajmáskér', '8192', 8),
(1041, 'Hajós', '6344', 12),
(1042, 'Halastó', '9814', 10),
(1043, 'Halászi', '9228', 6),
(1044, 'Halásztelek', '2314', 7),
(1045, 'Halimba', '8452', 8),
(1046, 'Halmaj', '3842', 5),
(1047, 'Halmajugra', '3273', 4),
(1048, 'Halogy', '9917', 10),
(1049, 'Hangács', '3795', 5),
(1050, 'Hangony', '3626', 5),
(1051, 'Hantos', '2434', 1),
(1052, 'Harasztifalu', '9784', 10),
(1053, 'Harc', '7172', 18),
(1054, 'Harka', '9422', 6),
(1055, 'Harkakötöny', '6136', 12),
(1056, 'Harkány', '7815', 3),
(1057, 'Háromfa', '7585', 11),
(1058, 'Háromhuta', '3936', 5),
(1059, 'Harsány', '3555', 5),
(1060, 'Hárskút', '8442', 8),
(1061, 'Harta', '6327', 12),
(1062, 'Harta', '6326', 12),
(1063, 'Hásságy', '7745', 3),
(1064, 'Hatvan', '3000', 4),
(1065, 'Hédervár', '9178', 6),
(1066, 'Hedrehely', '7533', 11),
(1067, 'Hegyesd', '8296', 8),
(1068, 'Hegyeshalom', '9222', 6),
(1069, 'Hegyfalu', '9631', 10),
(1070, 'Hegyháthodász', '9915', 10),
(1071, 'Hegyhátmaróc', '7348', 3),
(1072, 'Hegyhátsál', '9915', 10),
(1073, 'Hegyhátszentjakab', '9934', 10),
(1074, 'Hegyhátszentmárton', '9931', 10),
(1075, 'Hegyhátszentpéter', '9826', 10),
(1076, 'Hegykő', '9437', 6),
(1077, 'Hegymagas', '8265', 8),
(1078, 'Hegymeg', '3786', 5),
(1079, 'Hegyszentmárton', '7837', 3),
(1080, 'Héhalom', '3041', 19),
(1081, 'Hejce', '3892', 5),
(1082, 'Hejőbába', '3593', 5),
(1083, 'Hejőkeresztúr', '3597', 5),
(1084, 'Hejőkürt', '3588', 5),
(1085, 'Hejőpapi', '3594', 5),
(1086, 'Hejőszalonta', '3595', 5),
(1087, 'Helesfa', '7683', 3),
(1088, 'Helvécia', '6034', 12),
(1089, 'Hencida', '4123', 17),
(1090, 'Hencse', '7532', 11),
(1091, 'Herceghalom', '2053', 7),
(1092, 'Hercegkút', '3958', 5),
(1093, 'Hercegszántó', '6525', 12),
(1094, 'Heréd', '3011', 4),
(1095, 'Héreg', '2832', 9),
(1096, 'Herencsény', '2677', 19),
(1097, 'Herend', '8440', 8),
(1098, 'Heresznye', '7587', 11),
(1099, 'Hermánszeg', '4735', 13),
(1100, 'Hernád', '2376', 7),
(1101, 'Hernádbűd', '3853', 5),
(1102, 'Hernádcéce', '3887', 5),
(1103, 'Hernádkak', '3563', 5),
(1104, 'Hernádkércs', '3846', 5),
(1105, 'Hernádnémeti', '3564', 5),
(1106, 'Hernádpetri', '3874', 5),
(1107, 'Hernádszentandrás', '3852', 5),
(1108, 'Hernádszurdok', '3875', 5),
(1109, 'Hernádvécse', '3874', 5),
(1110, 'Hernyék', '8957', 15),
(1111, 'Hét', '3655', 5),
(1112, 'Hetefejércse', '4843', 13),
(1113, 'Hetes', '7432', 11),
(1114, 'Hetvehely', '7681', 3),
(1115, 'Hetyefő', '8344', 8),
(1116, 'Heves', '3360', 4),
(1117, 'Hevesaranyos', '3322', 4),
(1118, 'Hevesvezekény', '3383', 4),
(1119, 'Hévíz', '8380', 15),
(1120, 'Hévízgyörk', '2192', 7),
(1121, 'Hidas', '7696', 3),
(1122, 'Hidasnémeti', '3876', 5),
(1123, 'Hidegkút', '8247', 8),
(1124, 'Hidegség', '9491', 6),
(1125, 'Hidvégardó', '3768', 5),
(1126, 'Himesháza', '7735', 3),
(1127, 'Himod', '9362', 6),
(1128, 'Hirics', '7838', 3),
(1129, 'Hobol', '7971', 3),
(1130, 'Hodász', '4334', 13),
(1131, 'Hódmezővásárhely', '6806', 14),
(1132, 'Hódmezővásárhely', '6800', 14),
(1133, 'Hőgyész', '7191', 11),
(1134, 'Hollád', '8731', 5),
(1135, 'Hollóháza', '3999', 19),
(1136, 'Hollókő', '3176', 8),
(1137, 'Homokbödöge', '8563', 15),
(1138, 'Homokkomárom', '8777', 12),
(1139, 'Homokmégy', '6341', 11),
(1140, 'Homokszentgyörgy', '7537', 3),
(1141, 'Homorúd', '7716', 5),
(1142, 'Homrogd', '3812', 19),
(1143, 'Hont', '2647', 19),
(1144, 'Horpács', '2658', 4),
(1145, 'Hort', '3014', 17),
(1146, 'Hortobágy', '4071', 3),
(1147, 'Horváthertelend', '7935', 10),
(1148, 'Horvátlövő', '9796', 10),
(1149, 'Horvátzsidány', '9733', 3),
(1150, 'Hosszúhetény', '7694', 17),
(1151, 'Hosszúpályi', '4274', 10),
(1152, 'Hosszúpereszteg', '9676', 11),
(1153, 'Hosszúvíz', '8716', 15),
(1154, 'Hosszúvölgy', '8777', 8),
(1155, 'Hosztót', '8475', 15),
(1156, 'Hottó', '8991', 18),
(1157, 'Hövej', '9361', 6),
(1158, 'Hugyag', '2672', 19),
(1159, 'Hunya', '5555', 16),
(1160, 'Hunyadfalva', '5063', 2),
(1161, 'Husztót', '7678', 3),
(1162, 'Ibafa', '7935', 3),
(1163, 'Iborfia', '8984', 15),
(1164, 'Ibrány', '4484', 13),
(1165, 'Igal', '7275', 11),
(1166, 'Igar', '7016', 1),
(1167, 'Igar', '7015', 1),
(1168, 'Igrici', '3459', 5),
(1169, 'Iharos', '8726', 11),
(1170, 'Iharosberény', '8725', 11),
(1171, 'Ikervár', '9756', 10),
(1172, 'Iklad', '2181', 7),
(1173, 'Iklanberény', '9634', 10),
(1174, 'Iklódbördőce', '8958', 15),
(1175, 'Ikrény', '9141', 6),
(1176, 'Iliny', '2675', 19),
(1177, 'Ilk', '4566', 13),
(1178, 'Illocska', '7775', 3),
(1179, 'Imola', '3724', 5),
(1180, 'Imrehegy', '6238', 12),
(1181, 'Ináncs', '3851', 5),
(1182, 'Inárcs', '2365', 7),
(1183, 'Inke', '8724', 11),
(1184, 'Ipacsfa', '7847', 3),
(1185, 'Ipolydamásd', '2631', 7),
(1186, 'Ipolytarnóc', '3138', 19),
(1187, 'Ipolytölgyes', '2633', 7),
(1188, 'Ipolyvece', '2669', 19),
(1189, 'Iregszemcse', '7095', 18),
(1190, 'Irota', '3786', 5),
(1191, 'Isaszeg', '2117', 7),
(1192, 'Ispánk', '9941', 10),
(1193, 'Istenmezeje', '3253', 4),
(1194, 'Istvándi', '7987', 11),
(1195, 'Iszkaszentgyörgy', '8043', 1),
(1196, 'Iszkáz', '8493', 8),
(1197, 'Isztimér', '8045', 1),
(1198, 'Ivád', '3248', 4),
(1199, 'Iván', '9374', 6),
(1200, 'Ivánbattyán', '7772', 3),
(1201, 'Ivánc', '9931', 10),
(1202, 'Iváncsa', '2454', 1),
(1203, 'Ivándárda', '7781', 3),
(1204, 'Izmény', '7353', 18),
(1205, 'Izsák', '6070', 12),
(1206, 'Izsófalva', '3741', 5),
(1207, 'Jágónak', '7362', 18),
(1208, 'Ják', '9798', 10),
(1209, 'Jakabszállás', '6078', 12),
(1210, 'Jákfa', '9643', 10),
(1211, 'Jákfalva', '3721', 5),
(1212, 'Jákó', '7525', 11),
(1213, 'Jánd', '4841', 13),
(1214, 'Jánkmajtis', '4741', 13),
(1215, 'Jánoshalma', '6440', 12),
(1216, 'Jánosháza', '9545', 10),
(1217, 'Jánoshida', '5143', 2),
(1218, 'Jánossomorja', '9241', 6),
(1219, 'Jánossomorja', '9242', 6),
(1220, 'Járdánháza', '3664', 5),
(1221, 'Jármi', '4337', 13),
(1222, 'Jásd', '8424', 8),
(1223, 'Jászágó', '5124', 2),
(1224, 'Jászalsószentgyörgy', '5054', 2),
(1225, 'Jászapáti', '5130', 2),
(1226, 'Jászárokszállás', '5123', 2),
(1227, 'Jászberény', '5152', 2),
(1228, 'Jászberény', '5100', 2),
(1229, 'Jászboldogháza', '5144', 2),
(1230, 'Jászdózsa', '5122', 2),
(1231, 'Jászfelsőszentgyörgy', '5111', 2),
(1232, 'Jászfényszaru', '5126', 2),
(1233, 'Jászivány', '5135', 2),
(1234, 'Jászjákóhalma', '5121', 2),
(1235, 'Jászkarajenő', '2746', 7),
(1236, 'Jászkisér', '5137', 2),
(1237, 'Jászladány', '5055', 2),
(1238, 'Jászszentandrás', '5136', 2),
(1239, 'Jászszentlászló', '6133', 12),
(1240, 'Jásztelek', '5141', 2),
(1241, 'Jéke', '4611', 13),
(1242, 'Jenő', '8146', 1),
(1243, 'Jobaháza', '9323', 6),
(1244, 'Jobbágyi', '3063', 19),
(1245, 'Jósvafő', '3758', 5),
(1246, 'Juta', '7431', 11),
(1247, 'Kaba', '4183', 17),
(1248, 'Kacorlak', '8773', 15),
(1249, 'Kács', '3424', 5),
(1250, 'Kacsóta', '7940', 3),
(1251, 'Kadarkút', '7530', 11),
(1252, 'Kajárpéc', '9123', 6),
(1253, 'Kajászó', '2472', 1),
(1254, 'Kajdacs', '7051', 18),
(1255, 'Kakasd', '7122', 18),
(1256, 'Kákics', '7958', 3),
(1257, 'Kakucs', '2366', 7),
(1258, 'Kál', '3350', 4),
(1259, 'Kalaznó', '7194', 18),
(1260, 'Káld', '9673', 10),
(1261, 'Kálló', '2175', 19),
(1262, 'Kallósd', '8785', 15),
(1263, 'Kállósemjén', '4324', 13),
(1264, 'Kálmáncsa', '7538', 11),
(1265, 'Kálmánháza', '4434', 13),
(1266, 'Kálócfa', '8988', 15),
(1267, 'Kalocsa', '6300', 12),
(1268, 'Káloz', '8124', 1),
(1269, 'Kám', '9841', 10),
(1270, 'Kamond', '8469', 8),
(1271, 'Kamut', '5673', 16),
(1272, 'Kánó', '3735', 5),
(1273, 'Kántorjánosi', '4335', 13),
(1274, 'Kány', '3821', 5),
(1275, 'Kánya', '8667', 11),
(1276, 'Kányavár', '8956', 15),
(1277, 'Kapolcs', '8294', 8),
(1278, 'Kápolna', '3355', 4),
(1279, 'Kápolnásnyék', '2475', 1),
(1280, 'Kapoly', '8671', 11),
(1281, 'Kaposfő', '7523', 11),
(1282, 'Kaposgyarmat', '7473', 11),
(1283, 'Kaposhomok', '7261', 11),
(1284, 'Kaposkeresztúr', '7258', 11),
(1285, 'Kaposmérő', '7521', 11),
(1286, 'Kapospula', '7251', 18),
(1287, 'Kaposszekcső', '7361', 18),
(1288, 'Kaposszerdahely', '7476', 11),
(1289, 'Kaposújlak', '7522', 11),
(1290, 'Kaposvár', '7400', 11),
(1291, 'Káptalanfa', '8471', 8),
(1292, 'Káptalantóti', '8283', 8),
(1293, 'Kapuvár', '9339', 6),
(1294, 'Kapuvár', '9330', 6),
(1295, 'Kára', '7285', 11),
(1296, 'Karácsond', '3281', 4),
(1297, 'Karád', '8676', 11),
(1298, 'Karakó', '9547', 10),
(1299, 'Karakószörcsök', '8491', 8),
(1300, 'Karancsalja', '3181', 19),
(1301, 'Karancsberény', '3137', 19),
(1302, 'Karancskeszi', '3183', 19),
(1303, 'Karancslapujtő', '3182', 19),
(1304, 'Karancsság', '3163', 19),
(1305, 'Kárász', '7333', 3),
(1306, 'Karcag', '5300', 2),
(1307, 'Karcsa', '3963', 5),
(1308, 'Kardos', '5552', 16),
(1309, 'Kardoskút', '5945', 16),
(1310, 'Karmacs', '8354', 15),
(1311, 'Karos', '3962', 5),
(1312, 'Kartal', '2173', 7),
(1313, 'Kásád', '7827', 3),
(1314, 'Kaskantyú', '6211', 12),
(1315, 'Kastélyosdombó', '7977', 11),
(1316, 'Kaszaper', '5948', 16),
(1317, 'Kaszó', '7564', 11),
(1318, 'Katádfa', '7914', 3),
(1319, 'Katafa', '9915', 10),
(1320, 'Kátoly', '7661', 3),
(1321, 'Katymár', '6455', 12),
(1322, 'Káva', '2215', 7),
(1323, 'Kávás', '8994', 15),
(1324, 'Kazár', '3147', 19),
(1325, 'Kazár', '3127', 19),
(1326, 'Kazincbarcika', '3700', 5),
(1327, 'Kázsmárk', '3831', 5),
(1328, 'Kazsok', '7274', 11),
(1329, 'Kecel', '6237', 12),
(1330, 'Kecskéd', '2852', 9),
(1331, 'Kecskemét', '6044', 12),
(1332, 'Kecskemét', '6008', 12),
(1333, 'Kecskemét', '6000', 12),
(1334, 'Kehidakustány', '8784', 15),
(1335, 'Kék', '4515', 13),
(1336, 'Kékcse', '4494', 13),
(1337, 'Kéked', '3899', 5),
(1338, 'Kékesd', '7661', 3),
(1339, 'Kékkút', '8254', 8),
(1340, 'Kelebia', '6423', 12),
(1341, 'Keléd', '9549', 10),
(1342, 'Kelemér', '3728', 5),
(1343, 'Kéleshalom', '6444', 12),
(1344, 'Kelevíz', '8714', 11),
(1345, 'Kemecse', '4501', 13),
(1346, 'Kemence', '2638', 7),
(1347, 'Kemendollár', '8931', 15),
(1348, 'Kemeneshőgyész', '8516', 8),
(1349, 'Kemeneskápolna', '9553', 10),
(1350, 'Kemenesmagasi', '9522', 10),
(1351, 'Kemenesmihályfa', '9511', 10),
(1352, 'Kemenespálfa', '9544', 10),
(1353, 'Kemenessömjén', '9517', 10),
(1354, 'Kemenesszentmárton', '9521', 10),
(1355, 'Kemenesszentpéter', '8518', 8),
(1356, 'Keménfa', '8995', 15),
(1357, 'Kémes', '7843', 3),
(1358, 'Kemestaródfa', '9923', 10),
(1359, 'Kemse', '7839', 3),
(1360, 'Kenderes', '5349', 2),
(1361, 'Kenderes', '5331', 2),
(1362, 'Kenéz', '9752', 10),
(1363, 'Kenézlő', '3955', 5),
(1364, 'Kengyel', '5083', 2),
(1365, 'Kenyeri', '9514', 10),
(1366, 'Kercaszomor', '9945', 10),
(1367, 'Kercseliget', '7256', 11),
(1368, 'Kerecsend', '3396', 4),
(1369, 'Kerecseny', '8745', 15),
(1370, 'Kerekegyháza', '6041', 12),
(1371, 'Kereki', '8618', 11),
(1372, 'Kerékteleki', '2882', 9),
(1373, 'Kerepes', '2145', 7),
(1374, 'Kerepes', '2144', 7),
(1375, 'Keresztéte', '3821', 5),
(1376, 'Kerkabarabás', '8971', 15),
(1377, 'Kerkafalva', '8973', 15),
(1378, 'Kerkakutas', '8973', 15),
(1379, 'Kerkáskápolna', '9944', 10),
(1380, 'Kerkaszentkirály', '8874', 15),
(1381, 'Kerkateskánd', '8879', 15),
(1382, 'Kérsemjén', '4912', 13),
(1383, 'Kerta', '8492', 8),
(1384, 'Kertészsziget', '5526', 16),
(1385, 'Keszeg', '2616', 19),
(1386, 'Kesznyéten', '3579', 5),
(1387, 'Keszőhidegkút', '7062', 18),
(1388, 'Keszthely', '8360', 15),
(1389, 'Kesztölc', '2517', 9),
(1390, 'Keszü', '7668', 3),
(1391, 'Kétbodony', '2655', 19),
(1392, 'Kétegyháza', '5741', 16),
(1393, 'Kéthely', '8713', 11),
(1394, 'Kétpó', '5411', 2),
(1395, 'Kétsoprony', '5674', 16),
(1396, 'Kétújfalu', '7975', 3),
(1397, 'Kétvölgy', '9982', 10),
(1398, 'Kéty', '7174', 18),
(1399, 'Kevermes', '5744', 16),
(1400, 'Kilimán', '8774', 15),
(1401, 'Kimle', '9181', 6),
(1402, 'Kincsesbánya', '8044', 1),
(1403, 'Királd', '3657', 5),
(1404, 'Királyegyháza', '7953', 3),
(1405, 'Királyhegyes', '6911', 14),
(1406, 'Királyszentistván', '8195', 8),
(1407, 'Kisapáti', '8284', 8),
(1408, 'Kisapostag', '2428', 1),
(1409, 'Kisar', '4921', 13),
(1410, 'Kisasszond', '7523', 11),
(1411, 'Kisasszonyfa', '7954', 3),
(1412, 'Kisbabot', '9133', 6),
(1413, 'Kisbágyon', '3046', 19),
(1414, 'Kisbajcs', '9062', 6),
(1415, 'Kisbajom', '7542', 11),
(1416, 'Kisbárapáti', '7282', 11),
(1417, 'Kisbárkány', '3075', 19),
(1418, 'Kisbér', '2881', 9),
(1419, 'Kisbér', '2879', 9),
(1420, 'Kisbér', '2870', 9),
(1421, 'Kisberény', '8693', 11),
(1422, 'Kisberzseny', '8477', 8),
(1423, 'Kisbeszterce', '7391', 3),
(1424, 'Kisbodak', '9234', 6),
(1425, 'Kisbucsa', '8925', 15),
(1426, 'Kisbudmér', '7756', 3),
(1427, 'Kiscsécs', '3578', 5),
(1428, 'Kiscsehi', '8888', 15),
(1429, 'Kiscsősz', '8494', 8),
(1430, 'Kisdér', '7814', 3),
(1431, 'Kisdobsza', '7985', 3),
(1432, 'Kisdombegyház', '5837', 16),
(1433, 'Kisdorog', '7159', 18),
(1434, 'Kisecset', '2655', 19),
(1435, 'Kisfalud', '9341', 6),
(1436, 'Kisfüzes', '3256', 4),
(1437, 'Kisgörbő', '8356', 15),
(1438, 'Kisgyalán', '7279', 11),
(1439, 'Kisgyőr', '3556', 5),
(1440, 'Kishajmás', '7391', 3),
(1441, 'Kisharsány', '7800', 3),
(1442, 'Kishartyán', '3161', 19),
(1443, 'Kisherend', '7763', 3),
(1444, 'Kishódos', '4977', 13),
(1445, 'Kishuta', '3994', 5),
(1446, 'Kisigmánd', '2948', 9),
(1447, 'Kisjakabfalva', '7773', 3),
(1448, 'Kiskassa', '7766', 3),
(1449, 'Kiskinizs', '3843', 5),
(1450, 'Kisköre', '3384', 11),
(1451, 'Kiskőrös', '6200', 4),
(1452, 'Kiskorpád', '7524', 12),
(1453, 'Kiskunfélegyháza', '6100', 12),
(1454, 'Kiskunhalas', '6400', 12),
(1455, 'Kiskunlacháza', '2340', 7),
(1456, 'Kiskunmajsa', '6120', 12),
(1457, 'Kiskutas', '8911', 15),
(1458, 'Kisláng', '8156', 1),
(1459, 'Kisléta', '4325', 13),
(1460, 'Kislippó', '7775', 3),
(1461, 'Kislőd', '8446', 8),
(1462, 'Kismányok', '7356', 18),
(1463, 'Kismarja', '4126', 17),
(1464, 'Kismaros', '2623', 7),
(1465, 'Kisnamény', '4737', 13),
(1466, 'Kisnána', '3264', 4),
(1467, 'Kisnémedi', '2165', 7),
(1468, 'Kisnyárád', '7759', 3),
(1469, 'Kisoroszi', '2024', 7),
(1470, 'Kispalád', '4956', 13),
(1471, 'Kispáli', '8912', 15),
(1472, 'Kispirit', '8496', 8),
(1473, 'Kisrákos', '9936', 10),
(1474, 'Kisrécse', '8756', 15),
(1475, 'Kisrozvágy', '3965', 5),
(1476, 'Kissikátor', '3627', 5),
(1477, 'Kissomlyó', '9555', 10),
(1478, 'Kisszállás', '6421', 12),
(1479, 'Kisszékely', '7082', 18),
(1480, 'Kisszekeres', '4963', 13),
(1481, 'Kisszentmárton', '7841', 3),
(1482, 'Kissziget', '8957', 15),
(1483, 'Kisszőlős', '8483', 8),
(1484, 'Kistamási', '7981', 3),
(1485, 'Kistapolca', '7823', 3),
(1486, 'Kistarcsa', '2143', 7),
(1487, 'Kistelek', '6760', 14),
(1488, 'Kistokaj', '3553', 5),
(1489, 'Kistolmács', '8868', 15),
(1490, 'Kistormás', '7068', 18),
(1491, 'Kistótfalu', '7768', 3),
(1492, 'Kisújszállás', '5310', 2),
(1493, 'Kisunyom', '9772', 10),
(1494, 'Kisvárda', '4600', 13),
(1495, 'Kisvarsány', '4811', 13),
(1496, 'Kisvásárhely', '8341', 15),
(1497, 'Kisvaszar', '7381', 3),
(1498, 'Kisvejke', '7183', 18),
(1499, 'Kiszombor', '6775', 14),
(1500, 'Kiszsidány', '9733', 10),
(1501, 'Klárafalva', '6773', 14),
(1502, 'Köblény', '7334', 9),
(1503, 'Kocs', '2898', 7),
(1504, 'Kocsér', '2755', 18),
(1505, 'Köcsk', '9553', 13),
(1506, 'Kocsola', '7212', 7),
(1507, 'Kocsord', '4751', 17),
(1508, 'Kóka', '2243', 8),
(1509, 'Kokad', '4284', 17),
(1510, 'Kökény', '7668', 9),
(1511, 'Kőkút', '7530', 9),
(1512, 'Kölcse', '4965', 9),
(1513, 'Kölesd', '7052', 5),
(1514, 'Kölked', '7717', 3),
(1515, 'Kolontár', '8468', 3),
(1516, 'Komádi', '4138', 13),
(1517, 'Komárom', '2903', 11),
(1518, 'Komárom', '2921', 5),
(1519, 'Komárom', '2900', 13),
(1520, 'Komjáti', '3765', 4),
(1521, 'Komló', '7305', 5),
(1522, 'Komló', '7300', 10),
(1523, 'Kömlő', '3372', 16),
(1524, 'Kömlőd', '2853', 6),
(1525, 'Komlódtótfalu', '4765', 17),
(1526, 'Komlósd', '7582', 6),
(1527, 'Komlóska', '3937', 18),
(1528, 'Komoró', '4622', 5),
(1529, 'Kömörő', '4943', 6),
(1530, 'Kömpöc', '6134', 3),
(1531, 'Kompolt', '3356', 7),
(1532, 'Kondó', '3775', 7),
(1533, 'Kondorfa', '9943', 13),
(1534, 'Kondoros', '5553', 3),
(1535, 'Kóny', '9144', 3),
(1536, 'Konyár', '4133', 5),
(1537, 'Kópháza', '9495', 19),
(1538, 'Koppányszántó', '7094', 3),
(1539, 'Korlát', '3886', 15),
(1540, 'Körmend', '9909', 3),
(1541, 'Körmend', '9900', 10),
(1542, 'Környe', '2851', 3),
(1543, 'Köröm', '3577', 11),
(1544, 'Koroncó', '9113', 13),
(1545, 'Kórós', '7841', 18),
(1546, 'Kőröshegy', '8617', 3),
(1547, 'Körösladány', '5516', 4),
(1548, 'Körösnagyharsány', '5539', 9),
(1549, 'Körösszakál', '4136', 13),
(1550, 'Körösszegapáti', '4135', 12),
(1551, 'Köröstarcsa', '5622', 10),
(1552, 'Kőröstetétlen', '2745', 10),
(1553, 'Körösújfalu', '5536', 9),
(1554, 'Kosd', '2612', 5),
(1555, 'Kóspallag', '2625', 11),
(1556, 'Kőszárhegy', '8152', 16),
(1557, 'Kőszeg', '9730', 16),
(1558, 'Kőszegdoroszló', '9725', 16),
(1559, 'Kőszegpaty', '9739', 7),
(1560, 'Kőszegszerdahely', '9725', 16),
(1561, 'Kótaj', '4482', 17),
(1562, 'Kötcse', '8627', 17),
(1563, 'Kötegyán', '5725', 1),
(1564, 'Kőtelek', '5062', 10),
(1565, 'Kovácshida', '7847', 10),
(1566, 'Kovácsszénája', '7678', 10),
(1567, 'Kovácsvágás', '3992', 10),
(1568, 'Kővágóörs', '8254', 11),
(1569, 'Kővágószőlős', '7673', 16),
(1570, 'Kővágótőttős', '7675', 2),
(1571, 'Kövegy', '6912', 8),
(1572, 'Köveskál', '8274', 3),
(1573, 'Kozárd', '3053', 3),
(1574, 'Kozármisleny', '7761', 14),
(1575, 'Kozmadombja', '8988', 8),
(1576, 'Krasznokvajda', '3821', 5),
(1577, 'Kübekháza', '6755', 1),
(1578, 'Kulcs', '2458', 12),
(1579, 'Külsősárd', '8978', 16),
(1580, 'Külsővat', '9532', 12),
(1581, 'Kunadacs', '6097', 12),
(1582, 'Kunágota', '5746', 2),
(1583, 'Kunbaja', '6435', 12),
(1584, 'Kunbaracs', '6043', 2),
(1585, 'Kuncsorba', '5412', 2),
(1586, 'Kunfehértó', '6413', 12),
(1587, 'Küngös', '8162', 12),
(1588, 'Kunhegyes', '5340', 2),
(1589, 'Kunmadaras', '5321', 2),
(1590, 'Kunpeszér', '6096', 12),
(1591, 'Kunszállás', '6115', 6),
(1592, 'Kunszentmárton', '5449', 8),
(1593, 'Kunszentmárton', '5440', 5),
(1594, 'Kunszentmiklós', '6090', 18),
(1595, 'Kunsziget', '9184', 5),
(1596, 'Kup', '8595', 15),
(1597, 'Kupa', '3813', 11),
(1598, 'Kurd', '7226', 19),
(1599, 'Kurityán', '3732', 14),
(1600, 'Kustánszeg', '8919', 15),
(1601, 'Kutas', '7541', 8),
(1602, 'Kutasó', '3066', 8),
(1603, 'Lábatlan', '2541', 9),
(1604, 'Lábod', '7551', 11),
(1605, 'Lácacséke', '3967', 5),
(1606, 'Lad', '7535', 11),
(1607, 'Ladánybene', '6045', 12),
(1608, 'Ládbesenyő', '3780', 5),
(1609, 'Lajoskomárom', '8136', 1),
(1610, 'Lajosmizse', '6050', 12),
(1611, 'Lak', '3786', 5),
(1612, 'Lakhegy', '8913', 15),
(1613, 'Lakitelek', '6065', 12),
(1614, 'Lakócsa', '7918', 11),
(1615, 'Lánycsók', '7759', 3),
(1616, 'Lápafő', '7214', 18),
(1617, 'Lapáncsa', '7775', 3),
(1618, 'Laskod', '4543', 13),
(1619, 'Lasztonya', '8887', 15),
(1620, 'Látrány', '8681', 11),
(1621, 'Lázi', '9089', 6),
(1622, 'Leányfalu', '2016', 7),
(1623, 'Leányvár', '2518', 9),
(1624, 'Lébény', '9155', 6),
(1625, 'Legénd', '2619', 19),
(1626, 'Legyesbénye', '3904', 5),
(1627, 'Léh', '3832', 5),
(1628, 'Lénárddaróc', '3648', 5),
(1629, 'Lendvadedes', '8978', 15),
(1630, 'Lendvajakabfa', '8977', 15),
(1631, 'Lengyel', '7184', 18),
(1632, 'Lengyeltóti', '8693', 11),
(1633, 'Lenti', '8966', 15),
(1634, 'Lenti', '8960', 15),
(1635, 'Lepsény', '8132', 1),
(1636, 'Lesencefalu', '8318', 8),
(1637, 'Lesenceistvánd', '8319', 8),
(1638, 'Lesencetomaj', '8318', 8),
(1639, 'Létavértes', '4281', 17),
(1640, 'Létavértes', '4283', 17),
(1641, 'Letenye', '8868', 15),
(1642, 'Letkés', '2632', 7),
(1643, 'Levél', '9221', 6),
(1644, 'Levelek', '4555', 13),
(1645, 'Libickozma', '8707', 11),
(1646, 'Lickóvadamos', '8981', 15),
(1647, 'Liget', '7331', 3),
(1648, 'Ligetfalva', '8782', 15),
(1649, 'Lipót', '9233', 6),
(1650, 'Lippó', '7781', 3),
(1651, 'Liptód', '7757', 3),
(1652, 'Lispeszentadorján', '8888', 15),
(1653, 'Liszó', '8831', 15),
(1654, 'Litér', '8196', 8),
(1655, 'Litka', '3866', 5),
(1656, 'Litke', '3186', 19),
(1657, 'Lócs', '9634', 10),
(1658, 'Lőkösháza', '5743', 8),
(1659, 'Lókút', '8425', 13),
(1660, 'Lónya', '4836', 7),
(1661, 'Lórév', '2309', 3),
(1662, 'Lőrinci', '3022', 8),
(1663, 'Lőrinci', '3024', 1),
(1664, 'Lőrinci', '3021', 3),
(1665, 'Lothárd', '7761', 15),
(1666, 'Lovas', '8228', 8),
(1667, 'Lovasberény', '8093', 16),
(1668, 'Lovászhetény', '7720', 4),
(1669, 'Lovászi', '8878', 4),
(1670, 'Lovászpatona', '8553', 4),
(1671, 'Lövő', '9461', 6),
(1672, 'Lövőpetri', '4633', 13),
(1673, 'Lucfalva', '3129', 19),
(1674, 'Ludányhalászi', '3188', 19),
(1675, 'Ludas', '3274', 4),
(1676, 'Lukácsháza', '9724', 10),
(1677, 'Lulla', '8660', 11),
(1678, 'Lúzsok', '7838', 3),
(1679, 'Mád', '3909', 5),
(1680, 'Madaras', '6456', 12),
(1681, 'Madocsa', '7026', 18),
(1682, 'Maglóca', '9169', 6),
(1683, 'Maglód', '2234', 7),
(1684, 'Mágocs', '7342', 3),
(1685, 'Magosliget', '4953', 13),
(1686, 'Magy', '4556', 13),
(1687, 'Magyaralmás', '8071', 1),
(1688, 'Magyaratád', '7463', 11),
(1689, 'Magyarbánhegyes', '5667', 16),
(1690, 'Magyarbóly', '7775', 3),
(1691, 'Magyarcsanád', '6932', 14),
(1692, 'Magyardombegyház', '5838', 16),
(1693, 'Magyaregregy', '7332', 3),
(1694, 'Magyaregres', '7441', 11),
(1695, 'Magyarföld', '8973', 15),
(1696, 'Magyargéc', '3133', 19),
(1697, 'Magyargencs', '8517', 8),
(1698, 'Magyarhertelend', '7394', 3),
(1699, 'Magyarhomorog', '4137', 17),
(1700, 'Magyarkeresztúr', '9346', 6),
(1701, 'Magyarkeszi', '7098', 18),
(1702, 'Magyarlak', '9962', 10),
(1703, 'Magyarlukafa', '7925', 3),
(1704, 'Magyarmecske', '7954', 3),
(1705, 'Magyarnádalja', '9909', 10);
INSERT INTO `cities` (`id`, `cityName`, `zipCode`, `county_id`) VALUES
(1706, 'Magyarnándor', '2694', 19),
(1707, 'Magyarpolány', '8449', 8),
(1708, 'Magyarsarlós', '7761', 3),
(1709, 'Magyarszecsőd', '9912', 10),
(1710, 'Magyarszék', '7396', 3),
(1711, 'Magyarszentmiklós', '8776', 15),
(1712, 'Magyarszerdahely', '8776', 15),
(1713, 'Magyarszombatfa', '9946', 10),
(1714, 'Magyartelek', '7954', 3),
(1715, 'Majosháza', '2339', 7),
(1716, 'Majs', '7783', 3),
(1717, 'Makád', '2322', 7),
(1718, 'Makkoshotyka', '3959', 5),
(1719, 'Maklár', '3397', 4),
(1720, 'Makó', '6903', 14),
(1721, 'Makó', '6900', 14),
(1722, 'Malomsok', '8533', 8),
(1723, 'Mályi', '3434', 5),
(1724, 'Mályinka', '3645', 5),
(1725, 'Mánd', '4942', 13),
(1726, 'Mándok', '4644', 13),
(1727, 'Mánfa', '7304', 3),
(1728, 'Mány', '2065', 1),
(1729, 'Maráza', '7733', 3),
(1730, 'Marcalgergelyi', '9534', 8),
(1731, 'Marcali', '8714', 11),
(1732, 'Marcali', '8709', 11),
(1733, 'Marcali', '8700', 11),
(1734, 'Marcaltő', '8531', 8),
(1735, 'Marcaltő', '8532', 8),
(1736, 'Márfa', '7817', 3),
(1737, 'Máriahalom', '2527', 9),
(1738, 'Máriakálnok', '9231', 6),
(1739, 'Máriakéménd', '7663', 3),
(1740, 'Márianosztra', '2629', 7),
(1741, 'Máriapócs', '4326', 13),
(1742, 'Markaz', '3262', 4),
(1743, 'Márkháza', '3075', 19),
(1744, 'Márkó', '8441', 8),
(1745, 'Markóc', '7967', 3),
(1746, 'Markotabödöge', '9164', 6),
(1747, 'Maróc', '8888', 15),
(1748, 'Marócsa', '7960', 3),
(1749, 'Márok', '7774', 3),
(1750, 'Márokföld', '8976', 15),
(1751, 'Márokpapi', '4932', 13),
(1752, 'Maroslele', '6921', 14),
(1753, 'Mártély', '6636', 14),
(1754, 'Martfű', '5435', 2),
(1755, 'Martonfa', '7720', 3),
(1756, 'Martonvásár', '2462', 1),
(1757, 'Martonyi', '3755', 5),
(1758, 'Mátészalka', '4700', 13),
(1759, 'Mátételke', '6452', 12),
(1760, 'Mátraballa', '3247', 4),
(1761, 'Mátraderecske', '3246', 4),
(1762, 'Mátramindszent', '3155', 19),
(1763, 'Mátranovák', '3144', 19),
(1764, 'Mátranovák', '3143', 19),
(1765, 'Mátraszele', '3142', 19),
(1766, 'Mátraszentimre', '3234', 4),
(1767, 'Mátraszentimre', '3235', 4),
(1768, 'Mátraszőlős', '3068', 19),
(1769, 'Mátraterenye', '3145', 19),
(1770, 'Mátraterenye', '3146', 19),
(1771, 'Mátraverebély', '3077', 19),
(1772, 'Matty', '7854', 1),
(1773, 'Mátyásdomb', '8134', 3),
(1774, 'Mátyus', '4835', 13),
(1775, 'Máza', '7351', 3),
(1776, 'Mecseknádasd', '7695', 3),
(1777, 'Mecsekpölöske', '7300', 3),
(1778, 'Mecsér', '9176', 6),
(1779, 'Medgyesbodzás', '5664', 16),
(1780, 'Medgyesbodzás', '5663', 16),
(1781, 'Medgyesegyháza', '5752', 16),
(1782, 'Medgyesegyháza', '5666', 16),
(1783, 'Medina', '7057', 18),
(1784, 'Meggyeskovácsi', '9757', 10),
(1785, 'Megyaszó', '3718', 5),
(1786, 'Megyehid', '9754', 10),
(1787, 'Megyer', '8348', 8),
(1788, 'Méhkerék', '5726', 16),
(1789, 'Méhtelek', '4975', 13),
(1790, 'Mekényes', '7344', 3),
(1791, 'Mélykút', '6449', 12),
(1792, 'Mencshely', '8271', 8),
(1793, 'Mende', '2235', 7),
(1794, 'Méra', '3871', 5),
(1795, 'Merenye', '7981', 3),
(1796, 'Mérges', '9136', 6),
(1797, 'Mérk', '4352', 13),
(1798, 'Mernye', '7453', 11),
(1799, 'Mersevát', '9531', 10),
(1800, 'Mesterháza', '9662', 10),
(1801, 'Mesteri', '9551', 10),
(1802, 'Mesterszállás', '5452', 2),
(1803, 'Meszes', '3754', 5),
(1804, 'Meszlen', '9745', 10),
(1805, 'Mesztegnyő', '8716', 11),
(1806, 'Mezőberény', '5650', 16),
(1807, 'Mezőcsát', '3450', 5),
(1808, 'Mezőcsokonya', '7434', 11),
(1809, 'Meződ', '7370', 3),
(1810, 'Mezőfalva', '2422', 1),
(1811, 'Mezőgyán', '5732', 16),
(1812, 'Mezőhegyes', '5820', 16),
(1813, 'Mezőhék', '5453', 2),
(1814, 'Mezőkeresztes', '3441', 5),
(1815, 'Mezőkomárom', '8137', 1),
(1816, 'Mezőkovácsháza', '5800', 16),
(1817, 'Mezőkövesd', '3400', 5),
(1818, 'Mezőladány', '4641', 13),
(1819, 'Mezőlak', '8514', 8),
(1820, 'Mezőnagymihály', '3443', 5),
(1821, 'Mezőnyárád', '3421', 5),
(1822, 'Mezőörs', '9098', 6),
(1823, 'Mezőörs', '9097', 6),
(1824, 'Mezőpeterd', '4118', 17),
(1825, 'Mezősas', '4134', 17),
(1826, 'Mezőszemere', '3378', 4),
(1827, 'Mezőszentgyörgy', '8133', 1),
(1828, 'Mezőszilas', '7017', 1),
(1829, 'Mezőtárkány', '3375', 4),
(1830, 'Mezőtúr', '5400', 2),
(1831, 'Mezőzombor', '3931', 5),
(1832, 'Miháld', '8825', 15),
(1833, 'Mihályfa', '8341', 15),
(1834, 'Mihálygerge', '3184', 19),
(1835, 'Mihályháza', '8513', 8),
(1836, 'Mihályi', '9342', 6),
(1837, 'Mike', '7512', 11),
(1838, 'Mikebuda', '2736', 7),
(1839, 'Mikekarácsonyfa', '8949', 15),
(1840, 'Mikepércs', '4271', 17),
(1841, 'Miklósi', '7286', 11),
(1842, 'Mikófalva', '3344', 4),
(1843, 'Mikóháza', '3989', 5),
(1844, 'Mikosszéplak', '9835', 10),
(1845, 'Milejszeg', '8917', 15),
(1846, 'Milota', '4948', 13),
(1847, 'Mindszent', '6630', 14),
(1848, 'Mindszentgodisa', '7391', 3),
(1849, 'Mindszentkálla', '8282', 8),
(1850, 'Misefa', '8935', 15),
(1851, 'Miske', '6343', 12),
(1852, 'Miskolc', '3510', 5),
(1853, 'Miskolc', '3515', 5),
(1854, 'Miskolc', '3516', 5),
(1855, 'Miskolc', '3508', 5),
(1856, 'Miskolc', '3517', 5),
(1857, 'Miskolc', '3518', 5),
(1858, 'Miskolc', '3521', 5),
(1859, 'Miskolc', '3519', 5),
(1860, 'Miskolc', '3500', 5),
(1861, 'Miskolc', '3501', 5),
(1862, 'Miskolc', '3524', 5),
(1863, 'Miskolc', '3525', 5),
(1864, 'Miskolc', '3526', 5),
(1865, 'Miskolc', '3527', 5),
(1866, 'Miskolc', '3528', 5),
(1867, 'Miskolc', '3529', 5),
(1868, 'Miskolc', '3530', 5),
(1869, 'Miskolc', '3531', 5),
(1870, 'Miskolc', '3532', 5),
(1871, 'Miskolc', '3533', 5),
(1872, 'Miskolc', '3534', 5),
(1873, 'Miskolc', '3535', 5),
(1874, 'Miszla', '7065', 18),
(1875, 'Mocsa', '2911', 9),
(1876, 'Mőcsény', '7163', 7),
(1877, 'Mogyoród', '2146', 9),
(1878, 'Mogyorósbánya', '2535', 5),
(1879, 'Mogyoróska', '3893', 1),
(1880, 'Moha', '8042', 3),
(1881, 'Mohács', '7715', 3),
(1882, 'Mohács', '7714', 3),
(1883, 'Mohács', '7700', 19),
(1884, 'Mohora', '2698', 15),
(1885, 'Molnári', '8863', 10),
(1886, 'Molnaszecsőd', '9912', 3),
(1887, 'Molvány', '7981', 5),
(1888, 'Monaj', '3812', 5),
(1889, 'Monok', '3905', 7),
(1890, 'Monor', '2213', 7),
(1891, 'Monor', '2200', 4),
(1892, 'Mónosbél', '3345', 8),
(1893, 'Monostorapáti', '8296', 17),
(1894, 'Monostorpályi', '4275', 8),
(1895, 'Monoszló', '8273', 3),
(1896, 'Monyoród', '7751', 1),
(1897, 'Mór', '8060', 18),
(1898, 'Mórágy', '7165', 14),
(1899, 'Mórahalom', '6782', 12),
(1900, 'Móricgát', '6132', 6),
(1901, 'Mórichida', '9131', 11),
(1902, 'Mosdós', '7257', 6),
(1903, 'Mosonmagyaróvár', '9200', 6),
(1904, 'Mosonszentmiklós', '9183', 6),
(1905, 'Mosonszentmiklós', '9154', 6),
(1906, 'Mosonszolnok', '9245', 3),
(1907, 'Mozsgó', '7932', 18),
(1908, 'Mucsfa', '7185', 18),
(1909, 'Mucsi', '7195', 18),
(1910, 'Múcsony', '3744', 5),
(1911, 'Muhi', '3552', 5),
(1912, 'Murakeresztúr', '8834', 15),
(1913, 'Murarátka', '8868', 15),
(1914, 'Muraszemenye', '8872', 15),
(1915, 'Murga', '7176', 18),
(1916, 'Murony', '5672', 16),
(1917, 'Nábrád', '4911', 13),
(1918, 'Nadap', '8097', 1),
(1919, 'Nádasd', '9915', 10),
(1920, 'Nádasdladány', '8145', 1),
(1921, 'Nádudvar', '4181', 17),
(1922, 'Nágocs', '8674', 11),
(1923, 'Nagyacsád', '8521', 8),
(1924, 'Nagyalásony', '8484', 8),
(1925, 'Nagyar', '4922', 13),
(1926, 'Nagyatád', '7500', 11),
(1927, 'Nagybajcs', '9063', 6),
(1928, 'Nagybajom', '7561', 11),
(1929, 'Nagybakónak', '8821', 15),
(1930, 'Nagybánhegyes', '5668', 16),
(1931, 'Nagybaracska', '6527', 12),
(1932, 'Nagybarca', '3641', 5),
(1933, 'Nagybárkány', '3075', 19),
(1934, 'Nagyberény', '8656', 11),
(1935, 'Nagyberki', '7255', 11),
(1936, 'Nagybörzsöny', '2634', 7),
(1937, 'Nagybudmér', '7756', 3),
(1938, 'Nagycenk', '9485', 6),
(1939, 'Nagycsány', '7838', 3),
(1940, 'Nagycsécs', '3598', 5),
(1941, 'Nagycsepely', '8628', 11),
(1942, 'Nagycserkesz', '4445', 13),
(1943, 'Nagydém', '8554', 8),
(1944, 'Nagydobos', '4823', 13),
(1945, 'Nagydobsza', '7985', 3),
(1946, 'Nagydorog', '7044', 18),
(1947, 'Nagyecsed', '4355', 13),
(1948, 'Nagyér', '6917', 14),
(1949, 'Nagyesztergár', '8415', 8),
(1950, 'Nagyfüged', '3282', 4),
(1951, 'Nagygeresd', '9664', 10),
(1952, 'Nagygörbő', '8356', 15),
(1953, 'Nagygyimót', '8551', 8),
(1954, 'Nagyhajmás', '7343', 3),
(1955, 'Nagyhalász', '4485', 13),
(1956, 'Nagyharsány', '7822', 3),
(1957, 'Nagyhegyes', '4064', 17),
(1958, 'Nagyhódos', '4977', 13),
(1959, 'Nagyhuta', '3994', 5),
(1960, 'Nagyigmánd', '2942', 9),
(1961, 'Nagyiván', '5363', 2),
(1962, 'Nagykálló', '4320', 13),
(1963, 'Nagykamarás', '5751', 16),
(1964, 'Nagykanizsa', '8831', 15),
(1965, 'Nagykanizsa', '8808', 15),
(1966, 'Nagykanizsa', '8809', 15),
(1967, 'Nagykanizsa', '8800', 15),
(1968, 'Nagykapornak', '8935', 15),
(1969, 'Nagykarácsony', '2425', 1),
(1970, 'Nagykáta', '2760', 7),
(1971, 'Nagykereki', '4127', 17),
(1972, 'Nagykeresztúr', '3129', 19),
(1973, 'Nagykinizs', '3844', 5),
(1974, 'Nagykökényes', '3012', 18),
(1975, 'Nagykölked', '9784', 11),
(1976, 'Nagykónyi', '7092', 7),
(1977, 'Nagykőrös', '2750', 3),
(1978, 'Nagykorpád', '7545', 4),
(1979, 'Nagykörű', '5065', 10),
(1980, 'Nagykovácsi', '2094', 7),
(1981, 'Nagykozár', '7741', 2),
(1982, 'Nagykutas', '8911', 15),
(1983, 'Nagylak', '6933', 14),
(1984, 'Nagylengyel', '8983', 15),
(1985, 'Nagylóc', '3175', 19),
(1986, 'Nagylók', '2435', 1),
(1987, 'Nagylózs', '9482', 6),
(1988, 'Nagymágocs', '6622', 14),
(1989, 'Nagymányok', '7355', 18),
(1990, 'Nagymaros', '2626', 7),
(1991, 'Nagymizdó', '9913', 10),
(1992, 'Nagynyárád', '7784', 3),
(1993, 'Nagyoroszi', '2645', 19),
(1994, 'Nagypáli', '8912', 15),
(1995, 'Nagypall', '7731', 3),
(1996, 'Nagypeterd', '7912', 3),
(1997, 'Nagypirit', '8496', 8),
(1998, 'Nagyrábé', '4173', 17),
(1999, 'Nagyrada', '8746', 15),
(2000, 'Nagyrákos', '9938', 10),
(2001, 'Nagyrécse', '8756', 15),
(2002, 'Nagyréde', '3214', 4),
(2003, 'Nagyrév', '5463', 2),
(2004, 'Nagyrozvágy', '3965', 5),
(2005, 'Nagysáp', '2524', 9),
(2006, 'Nagysimonyi', '9561', 10),
(2007, 'Nagyszakácsi', '8739', 11),
(2008, 'Nagyszékely', '7085', 18),
(2009, 'Nagyszekeres', '4962', 13),
(2010, 'Nagyszénás', '5931', 16),
(2011, 'Nagyszentjános', '9072', 6),
(2012, 'Nagyszokoly', '7097', 18),
(2013, 'Nagytálya', '3398', 4),
(2014, 'Nagytarcsa', '2142', 7),
(2015, 'Nagytevel', '8562', 8),
(2016, 'Nagytilaj', '9832', 10),
(2017, 'Nagytőke', '6612', 3),
(2018, 'Nagytótfalu', '7800', 14),
(2019, 'Nagyút', '3357', 4),
(2020, 'Nagyvarsány', '4812', 13),
(2021, 'Nagyváty', '7912', 3),
(2022, 'Nagyvázsony', '8291', 8),
(2023, 'Nagyvejke', '7186', 18),
(2024, 'Nagyveleg', '8065', 1),
(2025, 'Nagyvenyim', '2421', 1),
(2026, 'Nagyvisnyó', '3349', 4),
(2027, 'Nak', '7215', 18),
(2028, 'Napkor', '4552', 13),
(2029, 'Nárai', '9797', 10),
(2030, 'Narda', '9793', 10),
(2031, 'Naszály', '2899', 9),
(2032, 'Négyes', '3463', 5),
(2033, 'Nekézseny', '3646', 5),
(2034, 'Nemesapáti', '8923', 15),
(2035, 'Nemesbikk', '3592', 5),
(2036, 'Nemesbőd', '9749', 13),
(2037, 'Nemesborzova', '4942', 10),
(2038, 'Nemesbük', '8371', 15),
(2039, 'Nemescsó', '9739', 10),
(2040, 'Nemesdéd', '8722', 11),
(2041, 'Nemesgörzsöny', '8522', 8),
(2042, 'Nemesgulács', '8284', 8),
(2043, 'Nemeshany', '8471', 8),
(2044, 'Nemeshetés', '8925', 15),
(2045, 'Nemeske', '7981', 3),
(2046, 'Nemeskér', '9471', 6),
(2047, 'Nemeskeresztúr', '9548', 10),
(2048, 'Nemeskisfalud', '8717', 11),
(2049, 'Nemeskocs', '9542', 10),
(2050, 'Nemeskolta', '9775', 10),
(2051, 'Nemesládony', '9663', 10),
(2052, 'Nemesmedves', '9953', 10),
(2053, 'Nemesnádudvar', '6345', 12),
(2054, 'Nemesnép', '8976', 15),
(2055, 'Nemespátró', '8856', 15),
(2056, 'Nemesrádó', '8915', 15),
(2057, 'Nemesrempehollós', '9782', 10),
(2058, 'Nemessándorháza', '8925', 15),
(2059, 'Nemesszalók', '9533', 8),
(2060, 'Nemesszentandrás', '8925', 15),
(2061, 'Nemesvámos', '8248', 8),
(2062, 'Nemesvid', '8738', 11),
(2063, 'Nemesvita', '8311', 8),
(2064, 'Németbánya', '8581', 8),
(2065, 'Németfalu', '8918', 15),
(2066, 'Németkér', '7039', 18),
(2067, 'Nemti', '3152', 19),
(2068, 'Neszmély', '2544', 9),
(2069, 'Nézsa', '2618', 19),
(2070, 'Nick', '9652', 10),
(2071, 'Nikla', '8706', 11),
(2072, 'Nógrád', '2642', 19),
(2073, 'Nógrádkövesd', '2691', 19),
(2074, 'Nógrádmarcal', '2675', 19),
(2075, 'Nógrádmegyer', '3132', 19),
(2076, 'Nógrádsáp', '2685', 19),
(2077, 'Nógrádsipek', '3179', 19),
(2078, 'Nógrádszakál', '3187', 19),
(2079, 'Nóráp', '8591', 8),
(2080, 'Noszlop', '8456', 8),
(2081, 'Noszvaj', '3325', 4),
(2082, 'Nőtincs', '2610', 15),
(2083, 'Nova', '8948', 4),
(2084, 'Novaj', '3327', 5),
(2085, 'Novajidrány', '3872', 19),
(2086, 'Nyalka', '9096', 6),
(2087, 'Nyárád', '8512', 8),
(2088, 'Nyáregyháza', '2723', 7),
(2089, 'Nyárlőrinc', '6032', 12),
(2090, 'Nyársapát', '2712', 7),
(2091, 'Nyékládháza', '3433', 5),
(2092, 'Nyergesújfalu', '2537', 9),
(2093, 'Nyergesújfalu', '2536', 9),
(2094, 'Nyésta', '3809', 5),
(2095, 'Nyim', '8612', 11),
(2096, 'Nyírábrány', '4264', 17),
(2097, 'Nyíracsád', '4262', 17),
(2098, 'Nyirád', '8454', 8),
(2099, 'Nyíradony', '4253', 17),
(2100, 'Nyíradony', '4252', 17),
(2101, 'Nyíradony', '4254', 17),
(2102, 'Nyírbátor', '4300', 13),
(2103, 'Nyírbéltek', '4372', 13),
(2104, 'Nyírbogát', '4361', 13),
(2105, 'Nyírbogdány', '4511', 13),
(2106, 'Nyírcsaholy', '4356', 13),
(2107, 'Nyírcsászári', '4331', 13),
(2108, 'Nyírderzs', '4332', 13),
(2109, 'Nyíregyháza', '4405', 13),
(2110, 'Nyíregyháza', '4246', 13),
(2111, 'Nyíregyháza', '4433', 13),
(2112, 'Nyíregyháza', '4412', 13),
(2113, 'Nyíregyháza', '4432', 13),
(2114, 'Nyíregyháza', '4551', 13),
(2115, 'Nyíregyháza', '4431', 13),
(2116, 'Nyíregyháza', '4481', 13),
(2117, 'Nyíregyháza', '4400', 13),
(2118, 'Nyírgelse', '4362', 13),
(2119, 'Nyírgyulaj', '4311', 13),
(2120, 'Nyíri', '3997', 5),
(2121, 'Nyíribrony', '4535', 13),
(2122, 'Nyírjákó', '4541', 13),
(2123, 'Nyírkarász', '4544', 13),
(2124, 'Nyírkáta', '4333', 13),
(2125, 'Nyírkércs', '4537', 13),
(2126, 'Nyírlövő', '4632', 13),
(2127, 'Nyírlugos', '4371', 13),
(2128, 'Nyírmada', '4564', 13),
(2129, 'Nyírmártonfalva', '4263', 17),
(2130, 'Nyírmeggyes', '4722', 13),
(2131, 'Nyírmihálydi', '4363', 13),
(2132, 'Nyírparasznya', '4822', 13),
(2133, 'Nyírpazony', '4531', 13),
(2134, 'Nyírpilis', '4376', 13),
(2135, 'Nyírtass', '4522', 13),
(2136, 'Nyírtelek', '4461', 13),
(2137, 'Nyírtét', '4554', 13),
(2138, 'Nyírtura', '4532', 13),
(2139, 'Nyírvasvári', '4341', 13),
(2140, 'Nyőgér', '9682', 5),
(2141, 'Nyomár', '3795', 10),
(2142, 'Nyugotszenterzsébet', '7912', 3),
(2143, 'Nyúl', '9082', 6),
(2144, 'Óbánya', '7695', 3),
(2145, 'Óbarok', '2063', 1),
(2146, 'Óbudavár', '8272', 8),
(2147, 'Öcs', '8292', 7),
(2148, 'Ócsa', '2364', 3),
(2149, 'Ócsárd', '7814', 3),
(2150, 'Őcsény', '7143', 13),
(2151, 'Öcsöd', '5451', 14),
(2152, 'Ófalu', '7695', 15),
(2153, 'Ófehértó', '4558', 16),
(2154, 'Óföldeák', '6923', 3),
(2155, 'Óhid', '8342', 3),
(2156, 'Okány', '5534', 3),
(2157, 'Okorág', '7957', 10),
(2158, 'Ököritófülpös', '4755', 8),
(2159, 'Okorvölgy', '7681', 5),
(2160, 'Olasz', '7745', 13),
(2161, 'Olaszfa', '9824', 13),
(2162, 'Olaszfalu', '8414', 3),
(2163, 'Olaszliszka', '3933', 10),
(2164, 'Ölbő', '9621', 15),
(2165, 'Olcsva', '4826', 5),
(2166, 'Olcsvaapáti', '4914', 5),
(2167, 'Old', '7824', 13),
(2168, 'Ólmod', '9733', 14),
(2169, 'Oltárc', '8886', 15),
(2170, 'Ömböly', '4373', 11),
(2171, 'Onga', '3562', 11),
(2172, 'Ónod', '3551', 12),
(2173, 'Ópályi', '4821', 10),
(2174, 'Ópusztaszer', '6767', 3),
(2175, 'Őr', '4336', 12),
(2176, 'Orbányosfa', '8935', 15),
(2177, 'Őrbottyán', '2162', 5),
(2178, 'Orci', '7400', 16),
(2179, 'Ordacsehi', '8635', 16),
(2180, 'Ordas', '6335', 16),
(2181, 'Öregcsertő', '6311', 16),
(2182, 'Öreglak', '8697', 8),
(2183, 'Orfalu', '9982', 9),
(2184, 'Orfű', '7677', 3),
(2185, 'Orgovány', '6077', 15),
(2186, 'Őrhalom', '2671', 15),
(2187, 'Őrimagyarósd', '9933', 6),
(2188, 'Őriszentpéter', '9941', 10),
(2189, 'Örkény', '2377', 4),
(2190, 'Ormándlak', '8983', 10),
(2191, 'Örményes', '5222', 5),
(2192, 'Örménykút', '5556', 11),
(2193, 'Ormosbánya', '3743', 5),
(2194, 'Orosháza', '5904', 5),
(2195, 'Orosháza', '5903', 5),
(2196, 'Orosháza', '5905', 5),
(2197, 'Orosháza', '5900', 5),
(2198, 'Oroszi', '8458', 5),
(2199, 'Oroszlány', '2840', 5),
(2200, 'Oroszló', '7370', 5),
(2201, 'Orosztony', '8744', 3),
(2202, 'Ortaháza', '8954', 15),
(2203, 'Őrtilos', '8854', 18),
(2204, 'Örvényes', '8242', 8),
(2205, 'Ősagárd', '2610', 18),
(2206, 'Ősi', '8161', 2),
(2207, 'Öskü', '8191', 13),
(2208, 'Osli', '9354', 10),
(2209, 'Ostffyasszonyfa', '9512', 13),
(2210, 'Ostoros', '3326', 13),
(2211, 'Oszkó', '9825', 7),
(2212, 'Oszlár', '3591', 12),
(2213, 'Osztopán', '7444', 11),
(2214, 'Öttevény', '9153', 19),
(2215, 'Öttömös', '6784', 10),
(2216, 'Ötvöskónyi', '7511', 10),
(2217, 'Ózd', '3604', 7),
(2218, 'Ózd', '3651', 2),
(2219, 'Ózd', '3661', 16),
(2220, 'Ózd', '3603', 11),
(2221, 'Ózd', '3662', 8),
(2222, 'Ózd', '3625', 19),
(2223, 'Ózd', '3621', 8),
(2224, 'Ózd', '3600', 8),
(2225, 'Ózdfalu', '7836', 6),
(2226, 'Ozmánbük', '8998', 14),
(2227, 'Ozora', '7086', 11),
(2228, 'Pácin', '3964', 5),
(2229, 'Pacsa', '8761', 15),
(2230, 'Pácsony', '9823', 10),
(2231, 'Padár', '8935', 15),
(2232, 'Páhi', '6075', 12),
(2233, 'Páka', '8956', 15),
(2234, 'Pakod', '8799', 15),
(2235, 'Pákozd', '8095', 1),
(2236, 'Paks', '7027', 18),
(2237, 'Paks', '7030', 18),
(2238, 'Palé', '7370', 3),
(2239, 'Pálfa', '7042', 18),
(2240, 'Pálfiszeg', '8990', 15),
(2241, 'Pálháza', '3994', 5),
(2242, 'Páli', '9345', 6),
(2243, 'Palkonya', '7771', 3),
(2244, 'Pálmajor', '7561', 11),
(2245, 'Pálmonostora', '6112', 12),
(2246, 'Palotabozsok', '7727', 3),
(2247, 'Palotás', '3042', 19),
(2248, 'Paloznak', '8229', 8),
(2249, 'Pamlény', '3821', 5),
(2250, 'Pamuk', '8698', 11),
(2251, 'Pánd', '2214', 7),
(2252, 'Pankasz', '9937', 10),
(2253, 'Pannonhalma', '9090', 6),
(2254, 'Pányok', '3898', 5),
(2255, 'Panyola', '4913', 13),
(2256, 'Pap', '4631', 13),
(2257, 'Pápa', '8511', 8),
(2258, 'Pápa', '8591', 8),
(2259, 'Pápa', '8598', 8),
(2260, 'Pápa', '8500', 8),
(2261, 'Pápadereske', '8593', 8),
(2262, 'Pápakovácsi', '8596', 8),
(2263, 'Pápasalamon', '8594', 8),
(2264, 'Pápateszér', '8556', 8),
(2265, 'Papkeszi', '8183', 8),
(2266, 'Pápoc', '9515', 10),
(2267, 'Papos', '4338', 13),
(2268, 'Páprád', '7838', 3),
(2269, 'Parád', '3244', 4),
(2270, 'Parád', '3240', 4),
(2271, 'Parádsasvár', '3242', 4),
(2272, 'Parasznya', '3777', 5),
(2273, 'Paszab', '4475', 13),
(2274, 'Pásztó', '3065', 19),
(2275, 'Pásztó', '3082', 19),
(2276, 'Pásztó', '3060', 19),
(2277, 'Pásztori', '9311', 6),
(2278, 'Pat', '8825', 15),
(2279, 'Patak', '2648', 19),
(2280, 'Patalom', '7463', 11),
(2281, 'Patapoklosi', '7923', 3),
(2282, 'Patca', '7477', 11),
(2283, 'Pátka', '8092', 1),
(2284, 'Patosfa', '7536', 11),
(2285, 'Pátroha', '4523', 13),
(2286, 'Patvarc', '2668', 19),
(2287, 'Páty', '2071', 7),
(2288, 'Pátyod', '4766', 13),
(2289, 'Pázmánd', '2476', 1),
(2290, 'Pázmándfalu', '9085', 6),
(2291, 'Pécel', '2119', 7),
(2292, 'Pecöl', '9754', 10),
(2293, 'Pécs', '7693', 3),
(2294, 'Pécs', '7691', 3),
(2295, 'Pécs', '7600', 3),
(2296, 'Pécs', '7621', 3),
(2297, 'Pécs', '7622', 3),
(2298, 'Pécs', '7623', 3),
(2299, 'Pécs', '7624', 3),
(2300, 'Pécs', '7625', 3),
(2301, 'Pécs', '7626', 3),
(2302, 'Pécs', '7627', 3),
(2303, 'Pécs', '7628', 3),
(2304, 'Pécs', '7629', 3),
(2305, 'Pécs', '7630', 3),
(2306, 'Pécs', '7631', 3),
(2307, 'Pécs', '7632', 3),
(2308, 'Pécs', '7633', 3),
(2309, 'Pécs', '7634', 3),
(2310, 'Pécs', '7635', 3),
(2311, 'Pécs', '7636', 3),
(2312, 'Pécsbagota', '7951', 3),
(2313, 'Pécsdevecser', '7766', 3),
(2314, 'Pécsely', '8245', 8),
(2315, 'Pécsudvard', '7762', 3),
(2316, 'Pécsvárad', '7720', 3),
(2317, 'Pellérd', '7831', 3),
(2318, 'Pély', '3381', 4),
(2319, 'Penc', '2614', 7),
(2320, 'Penészlek', '4267', 13),
(2321, 'Penyige', '4941', 8),
(2322, 'Pénzesgyőr', '8426', 13),
(2323, 'Pér', '9099', 6),
(2324, 'Perbál', '2074', 7),
(2325, 'Pere', '3853', 5),
(2326, 'Perecse', '3821', 5),
(2327, 'Pereked', '7664', 3),
(2328, 'Perenye', '9722', 10),
(2329, 'Peresznye', '9734', 10),
(2330, 'Pereszteg', '9484', 6),
(2331, 'Perkáta', '2431', 1),
(2332, 'Perkupa', '3756', 5),
(2333, 'Perőcsény', '2637', 7),
(2334, 'Peterd', '7766', 3),
(2335, 'Péterhida', '7582', 11),
(2336, 'Péteri', '2209', 7),
(2337, 'Pétervására', '3250', 4),
(2338, 'Pétfürdő', '8105', 8),
(2339, 'Pethőhenye', '8921', 15),
(2340, 'Petneháza', '4542', 13),
(2341, 'Petőfibánya', '3023', 4),
(2342, 'Petőfiszállás', '6113', 12),
(2343, 'Petőháza', '9443', 6),
(2344, 'Petőmihályfa', '9826', 10),
(2345, 'Petrikeresztúr', '8984', 15),
(2346, 'Petrivente', '8866', 15),
(2347, 'Pettend', '7980', 3),
(2348, 'Piliny', '3134', 19),
(2349, 'Pilis', '2721', 7),
(2350, 'Pilisborosjenő', '2097', 7),
(2351, 'Piliscsaba', '2087', 7),
(2352, 'Piliscsaba', '2081', 7),
(2353, 'Piliscsév', '2519', 9),
(2354, 'Pilisjászfalu', '2080', 7),
(2355, 'Pilismarót', '2028', 9),
(2356, 'Pilisszántó', '2095', 7),
(2357, 'Pilisszentiván', '2084', 7),
(2358, 'Pilisszentkereszt', '2099', 7),
(2359, 'Pilisszentkereszt', '2098', 7),
(2360, 'Pilisszentlászló', '2009', 7),
(2361, 'Pilisvörösvár', '2085', 7),
(2362, 'Pincehely', '7084', 18),
(2363, 'Pinkamindszent', '9922', 10),
(2364, 'Pinnye', '9481', 6),
(2365, 'Piricse', '4375', 13),
(2366, 'Pirtó', '6414', 12),
(2367, 'Piskó', '7838', 3),
(2368, 'Pitvaros', '6914', 14),
(2369, 'Pócsa', '7756', 3),
(2370, 'Pocsaj', '4125', 17),
(2371, 'Pócsmegyer', '2017', 7),
(2372, 'Pócspetri', '4327', 13),
(2373, 'Pogány', '7666', 3),
(2374, 'Pogányszentpéter', '8728', 11),
(2375, 'Pókaszepetk', '8932', 15),
(2376, 'Polány', '7458', 11),
(2377, 'Polgár', '4090', 17),
(2378, 'Polgárdi', '8153', 1),
(2379, 'Polgárdi', '8155', 1),
(2380, 'Polgárdi', '8154', 1),
(2381, 'Pölöske', '8929', 7),
(2382, 'Pölöskefő', '8773', 13),
(2383, 'Pomáz', '2013', 10),
(2384, 'Pörböly', '7142', 4),
(2385, 'Porcsalma', '4761', 10),
(2386, 'Pördefölde', '8956', 11),
(2387, 'Pornóapáti', '9796', 11),
(2388, 'Poroszló', '3388', 11),
(2389, 'Porpác', '9612', 15),
(2390, 'Porrog', '8858', 8),
(2391, 'Porrogszentkirály', '8858', 10),
(2392, 'Porrogszentpál', '8858', 11),
(2393, 'Pórszombat', '8986', 6),
(2394, 'Porva', '8429', 15),
(2395, 'Pósfa', '9636', 15),
(2396, 'Potony', '7977', 18),
(2397, 'Pötréte', '8767', 15),
(2398, 'Potyond', '9324', 15),
(2399, 'Prügy', '3925', 5),
(2400, 'Pula', '8291', 8),
(2401, 'Püski', '9235', 15),
(2402, 'Püspökhatvan', '2682', 19),
(2403, 'Püspökladány', '4150', 6),
(2404, 'Püspökmolnári', '9776', 10),
(2405, 'Püspökszilágy', '2166', 13),
(2406, 'Pusztaapáti', '8986', 15),
(2407, 'Pusztaberki', '2658', 5),
(2408, 'Pusztacsalád', '9373', 16),
(2409, 'Pusztacsó', '9739', 18),
(2410, 'Pusztadobos', '4565', 11),
(2411, 'Pusztaederics', '8946', 15),
(2412, 'Pusztafalu', '3995', 14),
(2413, 'Pusztaföldvár', '5919', 8),
(2414, 'Pusztahencse', '7038', 2),
(2415, 'Pusztakovácsi', '8707', 16),
(2416, 'Pusztamagyaród', '8895', 5),
(2417, 'Pusztamérges', '6785', 1),
(2418, 'Pusztamiske', '8455', 11),
(2419, 'Pusztamonostor', '5125', 15),
(2420, 'Pusztaottlaka', '5665', 14),
(2421, 'Pusztaradvány', '3874', 7),
(2422, 'Pusztaszabolcs', '2490', 1),
(2423, 'Pusztaszemes', '8619', 7),
(2424, 'Pusztaszentlászló', '8896', 5),
(2425, 'Pusztaszer', '6769', 6),
(2426, 'Pusztavacs', '2378', 7),
(2427, 'Pusztavám', '8066', 17),
(2428, 'Pusztazámor', '2039', 10),
(2429, 'Putnok', '3630', 7),
(2430, 'Rábacsanak', '9313', 6),
(2431, 'Rábacsécsény', '9136', 6),
(2432, 'Rábagyarmat', '9961', 10),
(2433, 'Rábahidvég', '9777', 10),
(2434, 'Rábakecöl', '9344', 6),
(2435, 'Rábapatona', '9142', 6),
(2436, 'Rábapaty', '9641', 10),
(2437, 'Rábapordány', '9146', 6),
(2438, 'Rábasebes', '9327', 6),
(2439, 'Rábaszentandrás', '9316', 6),
(2440, 'Rábaszentmihály', '9135', 6),
(2441, 'Rábaszentmiklós', '9133', 6),
(2442, 'Rábatamási', '9322', 6),
(2443, 'Rábatöttös', '9766', 10),
(2444, 'Rábcakapi', '9165', 6),
(2445, 'Rácalmás', '2459', 1),
(2446, 'Ráckeresztúr', '2465', 1),
(2447, 'Ráckeve', '2300', 7),
(2448, 'Rád', '2613', 7),
(2449, 'Rádfalva', '7817', 3),
(2450, 'Rádóckölked', '9784', 10),
(2451, 'Radostyán', '3776', 5),
(2452, 'Ragály', '3724', 5),
(2453, 'Rajka', '9224', 6),
(2454, 'Rakaca', '3825', 5),
(2455, 'Rakacaszend', '3826', 5),
(2456, 'Rakamaz', '4465', 13),
(2457, 'Rákóczifalva', '5085', 2),
(2458, 'Rákócziújfalu', '5084', 2),
(2459, 'Ráksi', '7464', 11),
(2460, 'Ramocsa', '8973', 15),
(2461, 'Ramocsaháza', '4536', 13),
(2462, 'Rápolt', '4756', 13),
(2463, 'Raposka', '8300', 8),
(2464, 'Rásonysápberencs', '3833', 5),
(2465, 'Rátka', '3908', 5),
(2466, 'Rátót', '9951', 10),
(2467, 'Ravazd', '9091', 6),
(2468, 'Recsk', '3245', 4),
(2469, 'Réde', '2886', 9),
(2470, 'Rédics', '8978', 15),
(2471, 'Regéc', '3893', 5),
(2472, 'Regenye', '7833', 3),
(2473, 'Regöly', '7193', 18),
(2474, 'Rém', '6446', 12),
(2475, 'Remeteszőlős', '2094', 7),
(2476, 'Répáshuta', '3559', 5),
(2477, 'Répcelak', '9653', 10),
(2478, 'Répceszemere', '9375', 6),
(2479, 'Répceszentgyörgy', '9623', 10),
(2480, 'Répcevis', '9475', 6),
(2481, 'Resznek', '8977', 15),
(2482, 'Rétalap', '9074', 6),
(2483, 'Rétközberencs', '4525', 13),
(2484, 'Rétság', '2651', 19),
(2485, 'Révfülöp', '8253', 8),
(2486, 'Révleányvár', '3976', 5),
(2487, 'Rezi', '8373', 15),
(2488, 'Ricse', '3974', 5),
(2489, 'Rigács', '8348', 8),
(2490, 'Rigyác', '8883', 15),
(2491, 'Rimóc', '3177', 19),
(2492, 'Rinyabesenyő', '7552', 11),
(2493, 'Rinyakovácsi', '7527', 11),
(2494, 'Rinyaszentkirály', '7513', 11),
(2495, 'Rinyaújlak', '7556', 11),
(2496, 'Rinyaújnép', '7584', 11),
(2497, 'Rohod', '4563', 13),
(2498, 'Röjtökmuzsaj', '9451', 8),
(2499, 'Románd', '8434', 19),
(2500, 'Romhány', '2654', 3),
(2501, 'Romonya', '7743', 3),
(2502, 'Rönök', '9954', 13),
(2503, 'Röszke', '6758', 4),
(2504, 'Rózsafa', '7914', 6),
(2505, 'Rozsály', '4971', 10),
(2506, 'Rózsaszentmárton', '3033', 14),
(2507, 'Rudabánya', '3733', 5),
(2508, 'Rudolftelep', '3742', 5),
(2509, 'Rum', '9766', 10),
(2510, 'Ruzsa', '6786', 14),
(2511, 'Ságújfalu', '3162', 19),
(2512, 'Ságvár', '8654', 11),
(2513, 'Sajóbábony', '3792', 5),
(2514, 'Sajóecseg', '3793', 5),
(2515, 'Sajógalgóc', '3636', 5),
(2516, 'Sajóhidvég', '3576', 5),
(2517, 'Sajóivánka', '3720', 5),
(2518, 'Sajókápolna', '3773', 5),
(2519, 'Sajókaza', '3720', 5),
(2520, 'Sajókeresztúr', '3791', 5),
(2521, 'Sajólád', '3572', 5),
(2522, 'Sajólászlófalva', '3773', 5),
(2523, 'Sajómercse', '3656', 5),
(2524, 'Sajónémeti', '3652', 5),
(2525, 'Sajóörös', '3586', 5),
(2526, 'Sajópálfala', '3714', 5),
(2527, 'Sajópetri', '3573', 5),
(2528, 'Sajópüspöki', '3653', 5),
(2529, 'Sajósenye', '3712', 5),
(2530, 'Sajószentpéter', '3770', 5),
(2531, 'Sajószöged', '3599', 5),
(2532, 'Sajóvámos', '3712', 5),
(2533, 'Sajóvelezd', '3656', 5),
(2534, 'Sajtoskál', '9632', 10),
(2535, 'Salföld', '8256', 8),
(2536, 'Salgótarján', '3102', 19),
(2537, 'Salgótarján', '3109', 19),
(2538, 'Salgótarján', '3121', 19),
(2539, 'Salgótarján', '3104', 19),
(2540, 'Salgótarján', '3141', 19),
(2541, 'Salgótarján', '3100', 19),
(2542, 'Salköveskút', '9742', 10),
(2543, 'Salomvár', '8995', 15),
(2544, 'Sály', '3425', 5),
(2545, 'Sámod', '7841', 3),
(2546, 'Sámsonháza', '3074', 19),
(2547, 'Sand', '8824', 15),
(2548, 'Sándorfalva', '6762', 14),
(2549, 'Sántos', '7479', 11),
(2550, 'Sáp', '4176', 17),
(2551, 'Sáránd', '4272', 17),
(2552, 'Sárazsadány', '3942', 5),
(2553, 'Sárbogárd', '7018', 1),
(2554, 'Sárbogárd', '7019', 1),
(2555, 'Sárbogárd', '7003', 1),
(2556, 'Sárbogárd', '7000', 1),
(2557, 'Sáregres', '7014', 1),
(2558, 'Sárfimizdó', '9813', 10),
(2559, 'Sárhida', '8944', 15),
(2560, 'Sárisáp', '2523', 9),
(2561, 'Sarkad', '5720', 16),
(2562, 'Sarkadkeresztúr', '5731', 16),
(2563, 'Sárkeresztes', '8051', 1),
(2564, 'Sárkeresztúr', '8125', 1),
(2565, 'Sárkeszi', '8144', 1),
(2566, 'Sármellék', '8391', 15),
(2567, 'Sárok', '7781', 3),
(2568, 'Sárosd', '2433', 1),
(2569, 'Sárospatak', '3952', 5),
(2570, 'Sárospatak', '3950', 5),
(2571, 'Sárpilis', '7145', 18),
(2572, 'Sárrétudvari', '4171', 17),
(2573, 'Sarród', '9434', 6),
(2574, 'Sarród', '9435', 6),
(2575, 'Sárszentágota', '8126', 1),
(2576, 'Sárszentlőrinc', '7047', 18),
(2577, 'Sárszentmihály', '8141', 1),
(2578, 'Sárszentmihály', '8143', 1),
(2579, 'Sarud', '3386', 4),
(2580, 'Sárvár', '9609', 10),
(2581, 'Sárvár', '9608', 10),
(2582, 'Sárvár', '9600', 10),
(2583, 'Sásd', '7370', 3),
(2584, 'Sáska', '8308', 8),
(2585, 'Sáta', '3659', 5),
(2586, 'Sátoraljaújhely', '3944', 5),
(2587, 'Sátoraljaújhely', '3945', 5),
(2588, 'Sátoraljaújhely', '3988', 5),
(2589, 'Sátoraljaújhely', '3980', 5),
(2590, 'Sátorhely', '7785', 3),
(2591, 'Sávoly', '8732', 11),
(2592, 'Sé', '9789', 10),
(2593, 'Segesd', '7562', 11),
(2594, 'Sellye', '7960', 3),
(2595, 'Selyeb', '3809', 5),
(2596, 'Semjén', '3974', 5),
(2597, 'Semjénháza', '8862', 15),
(2598, 'Sénye', '8788', 15),
(2599, 'Sényő', '4533', 13),
(2600, 'Seregélyes', '8111', 1),
(2601, 'Serényfalva', '3729', 5),
(2602, 'Sérsekszőlős', '8660', 11),
(2603, 'Sikátor', '8439', 8),
(2604, 'Siklós', '7818', 3),
(2605, 'Siklós', '7800', 3),
(2606, 'Siklósbodony', '7814', 3),
(2607, 'Siklósnagyfalu', '7823', 3),
(2608, 'Sima', '3881', 5),
(2609, 'Simaság', '9633', 10),
(2610, 'Simonfa', '7474', 11),
(2611, 'Simontornya', '7081', 18),
(2612, 'Sióagárd', '7171', 18),
(2613, 'Siófok', '8611', 11),
(2614, 'Siófok', '8609', 11),
(2615, 'Siófok', '8600', 11),
(2616, 'Siójut', '8652', 11),
(2617, 'Sirok', '3332', 4),
(2618, 'Sitke', '9671', 10),
(2619, 'Sobor', '9315', 6),
(2620, 'Söjtör', '8897', 6),
(2621, 'Sokorópátka', '9112', 12),
(2622, 'Solt', '6320', 12),
(2623, 'Soltszentimre', '6223', 12),
(2624, 'Soltvadkert', '6230', 8),
(2625, 'Sóly', '8193', 7),
(2626, 'Solymár', '2083', 11),
(2627, 'Som', '8655', 3),
(2628, 'Somberek', '7728', 8),
(2629, 'Somlójenő', '8478', 8),
(2630, 'Somlószőlős', '8483', 8),
(2631, 'Somlóvásárhely', '8481', 8),
(2632, 'Somlóvecse', '8484', 11),
(2633, 'Somodor', '7454', 11),
(2634, 'Somogyacsa', '7283', 3),
(2635, 'Somogyapáti', '7922', 11),
(2636, 'Somogyaracs', '7584', 11),
(2637, 'Somogyaszaló', '7452', 11),
(2638, 'Somogybabod', '8684', 11),
(2639, 'Somogybükkösd', '8858', 11),
(2640, 'Somogycsicsó', '8726', 11),
(2641, 'Somogydöröcske', '7284', 11),
(2642, 'Somogyegres', '8666', 11),
(2643, 'Somogyfajsz', '8708', 11),
(2644, 'Somogygeszti', '7455', 3),
(2645, 'Somogyhárságy', '7925', 3),
(2646, 'Somogyhatvan', '7921', 11),
(2647, 'Somogyjád', '7443', 11),
(2648, 'Somogymeggyes', '8673', 11),
(2649, 'Somogysámson', '8733', 11),
(2650, 'Somogysárd', '7435', 11),
(2651, 'Somogysimonyi', '8737', 11),
(2652, 'Somogyszentpál', '8705', 11),
(2653, 'Somogyszil', '7276', 11),
(2654, 'Somogyszob', '7563', 11),
(2655, 'Somogytúr', '8683', 11),
(2656, 'Somogyudvarhely', '7515', 11),
(2657, 'Somogyvámos', '8699', 11),
(2658, 'Somogyvár', '8698', 3),
(2659, 'Somogyviszló', '7924', 11),
(2660, 'Somogyzsitfa', '8734', 13),
(2661, 'Sonkád', '4954', 1),
(2662, 'Soponya', '8123', 6),
(2663, 'Sopron', '9494', 6),
(2664, 'Sopron', '9408', 6),
(2665, 'Sopron', '9407', 6),
(2666, 'Sopron', '9400', 6),
(2667, 'Sopronhorpács', '9463', 6),
(2668, 'Sopronkövesd', '9483', 6),
(2669, 'Sopronnémeti', '9325', 10),
(2670, 'Söpte', '9743', 10),
(2671, 'Söréd', '8072', 15),
(2672, 'Sorkifalud', '9774', 10),
(2673, 'Sorkikápolna', '9774', 19),
(2674, 'Sormás', '8881', 7),
(2675, 'Sorokpolány', '9773', 5),
(2676, 'Sóshartyán', '3131', 3),
(2677, 'Sóskút', '2038', 10),
(2678, 'Sóstófalva', '3716', 15),
(2679, 'Sósvertike', '7960', 10),
(2680, 'Sótony', '9681', 1),
(2681, 'Sukoró', '8096', 1),
(2682, 'Sükösd', '6346', 3),
(2683, 'Sülysáp', '2242', 9),
(2684, 'Sülysáp', '2241', 15),
(2685, 'Sümeg', '8330', 12),
(2686, 'Sümegcsehi', '8357', 7),
(2687, 'Sümegprága', '8351', 7),
(2688, 'Sumony', '7960', 8),
(2689, 'Súr', '2889', 15),
(2690, 'Surd', '8856', 8),
(2691, 'Süttő', '2543', 9),
(2692, 'Szabadbattyán', '8151', 1),
(2693, 'Szabadegyháza', '2432', 1),
(2694, 'Szabadhidvég', '8139', 1),
(2695, 'Szabadhidvég', '8138', 1),
(2696, 'Szabadi', '7253', 11),
(2697, 'Szabadkígyós', '5712', 16),
(2698, 'Szabadszállás', '6080', 12),
(2699, 'Szabadszentkirály', '7951', 3),
(2700, 'Szabás', '7544', 11),
(2701, 'Szabolcs', '4467', 13),
(2702, 'Szabolcsbáka', '4547', 13),
(2703, 'Szabolcsveresmart', '4496', 13),
(2704, 'Szada', '2111', 7),
(2705, 'Szágy', '7383', 3),
(2706, 'Szajk', '7753', 3),
(2707, 'Szajla', '3334', 4),
(2708, 'Szajol', '5081', 2),
(2709, 'Szakácsi', '3786', 5),
(2710, 'Szakadát', '7071', 18),
(2711, 'Szakáld', '3596', 5),
(2712, 'Szakály', '7192', 18),
(2713, 'Szakcs', '7213', 18),
(2714, 'Szakmár', '6336', 12),
(2715, 'Szaknyér', '9934', 10),
(2716, 'Szakoly', '4234', 13),
(2717, 'Szakony', '9474', 6),
(2718, 'Szakonyfalu', '9983', 10),
(2719, 'Szákszend', '2856', 9),
(2720, 'Szalafő', '9942', 10),
(2721, 'Szalánta', '7811', 3),
(2722, 'Szalapa', '8341', 15),
(2723, 'Szalaszend', '3863', 5),
(2724, 'Szalatnak', '7334', 3),
(2725, 'Szálka', '7121', 18),
(2726, 'Szalkszentmárton', '6086', 12),
(2727, 'Szalmatercs', '3163', 19),
(2728, 'Szalonna', '3754', 5),
(2729, 'Szamosangyalos', '4767', 13),
(2730, 'Szamosbecs', '4745', 13),
(2731, 'Szamoskér', '4721', 13),
(2732, 'Szamossályi', '4735', 13),
(2733, 'Szamosszeg', '4824', 13),
(2734, 'Szamostatárfalva', '4746', 13),
(2735, 'Szamosújlak', '4734', 13),
(2736, 'Szanda', '2697', 19),
(2737, 'Szank', '6131', 12),
(2738, 'Szántód', '8622', 11),
(2739, 'Szany', '9317', 6),
(2740, 'Szápár', '8423', 8),
(2741, 'Szaporca', '7843', 3),
(2742, 'Szár', '2066', 1),
(2743, 'Szárász', '7184', 3),
(2744, 'Szárazd', '7063', 18),
(2745, 'Szárföld', '9353', 6),
(2746, 'Szárliget', '2067', 9),
(2747, 'Szarvas', '5540', 16),
(2748, 'Szarvasgede', '3051', 19),
(2749, 'Szarvaskend', '9913', 10),
(2750, 'Szászberek', '5053', 2),
(2751, 'Szászfa', '3821', 5),
(2752, 'Szászvár', '7349', 3),
(2753, 'Szatmárcseke', '4945', 13),
(2754, 'Szátok', '2656', 19),
(2755, 'Szatta', '9938', 10),
(2756, 'Szatymaz', '6763', 14),
(2757, 'Szava', '7813', 3),
(2758, 'Százhalombatta', '2440', 7),
(2759, 'Szebény', '7725', 3),
(2760, 'Szécsénke', '2692', 19),
(2761, 'Szécsény', '3170', 19),
(2762, 'Szécsényfelfalu', '3135', 19),
(2763, 'Szécsisziget', '8879', 15),
(2764, 'Szederkény', '7751', 3),
(2765, 'Szedres', '7056', 18),
(2766, 'Szeged', '6757', 14),
(2767, 'Szeged', '6791', 14),
(2768, 'Szeged', '6710', 14),
(2769, 'Szeged', '6771', 14),
(2770, 'Szeged', '6753', 14),
(2771, 'Szeged', '6700', 14),
(2772, 'Szeged', '6720', 14),
(2773, 'Szeged', '6721', 14),
(2774, 'Szeged', '6722', 14),
(2775, 'Szeged', '6723', 14),
(2776, 'Szeged', '6724', 14),
(2777, 'Szeged', '6725', 14),
(2778, 'Szeged', '6726', 14),
(2779, 'Szeged', '6727', 14),
(2780, 'Szeged', '6728', 14),
(2781, 'Szeged', '6729', 14),
(2782, 'Szegerdő', '8732', 11),
(2783, 'Szeghalom', '5520', 16),
(2784, 'Szegi', '3918', 5),
(2785, 'Szegilong', '3918', 5),
(2786, 'Szegvár', '6635', 14),
(2787, 'Székely', '4534', 13),
(2788, 'Székelyszabar', '7737', 3),
(2789, 'Székesfehérvár', '8019', 1),
(2790, 'Székesfehérvár', '8000', 1),
(2791, 'Székkutas', '6821', 14),
(2792, 'Szekszárd', '7100', 18),
(2793, 'Szeleste', '9622', 10),
(2794, 'Szelevény', '5476', 2),
(2795, 'Szellő', '7661', 3),
(2796, 'Szemely', '7763', 3),
(2797, 'Szemenye', '9685', 10),
(2798, 'Szemere', '3866', 5),
(2799, 'Szendehely', '2640', 19),
(2800, 'Szendrő', '3752', 5),
(2801, 'Szendrőlád', '3751', 5),
(2802, 'Szenna', '7477', 11),
(2803, 'Szenta', '8849', 11),
(2804, 'Szentantalfa', '8272', 8),
(2805, 'Szentbalázs', '7472', 11),
(2806, 'Szentbékkálla', '8281', 8),
(2807, 'Szentborbás', '7918', 11),
(2808, 'Szentdénes', '7913', 3),
(2809, 'Szentdomonkos', '3259', 4),
(2810, 'Szente', '2655', 19),
(2811, 'Szentegát', '7915', 3),
(2812, 'Szentendre', '2000', 7),
(2813, 'Szentes', '6600', 14),
(2814, 'Szentgál', '8444', 8),
(2815, 'Szentgáloskér', '7465', 11),
(2816, 'Szentgotthárd', '9981', 10),
(2817, 'Szentgotthárd', '9955', 10),
(2818, 'Szentgotthárd', '9970', 10),
(2819, 'Szentgyörgyvár', '8393', 15),
(2820, 'Szentgyörgyvölgy', '8975', 15),
(2821, 'Szentimrefalva', '8475', 8),
(2822, 'Szentistván', '3418', 5),
(2823, 'Szentistvánbaksa', '3844', 5),
(2824, 'Szentjakabfa', '8272', 8),
(2825, 'Szentkatalin', '7681', 3),
(2826, 'Szentkirály', '6031', 12),
(2827, 'Szentkirályszabadja', '8225', 8),
(2828, 'Szentkozmadombja', '8947', 15),
(2829, 'Szentlászló', '7936', 3),
(2830, 'Szentliszló', '8893', 15),
(2831, 'Szentlőrinc', '7940', 3),
(2832, 'Szentlőrinckáta', '2255', 7),
(2833, 'Szentmargitfalva', '8872', 15),
(2834, 'Szentmártonkáta', '2254', 7),
(2835, 'Szentpéterfa', '9799', 10),
(2836, 'Szentpéterfölde', '8953', 15),
(2837, 'Szentpéterszeg', '4121', 17),
(2838, 'Szentpéterúr', '8762', 15),
(2839, 'Szenyér', '8717', 11),
(2840, 'Szepetnek', '8861', 15),
(2841, 'Szerecseny', '9125', 6),
(2842, 'Szeremle', '6512', 12),
(2843, 'Szerencs', '3900', 5),
(2844, 'Szerep', '4162', 17),
(2845, 'Szerep', '4163', 17),
(2846, 'Szergény', '9523', 10),
(2847, 'Szigetbecse', '2321', 7),
(2848, 'Szigetcsép', '2317', 7),
(2849, 'Szigethalom', '2315', 7),
(2850, 'Szigetmonostor', '2015', 7),
(2851, 'Szigetszentmárton', '2318', 7),
(2852, 'Szigetszentmiklós', '2310', 7),
(2853, 'Szigetújfalu', '2319', 7),
(2854, 'Szigetvár', '7900', 3),
(2855, 'Szigliget', '8264', 8),
(2856, 'Szihalom', '3377', 4),
(2857, 'Szijártóháza', '8969', 15),
(2858, 'Szikszó', '3800', 5),
(2859, 'Szil', '9326', 6),
(2860, 'Szilágy', '7664', 3),
(2861, 'Szilaspogony', '3125', 19),
(2862, 'Szilsárkány', '9312', 6),
(2863, 'Szilvágy', '8986', 15),
(2864, 'Szilvás', '7811', 3),
(2865, 'Szilvásszentmárton', '7477', 4),
(2866, 'Szilvásvárad', '3348', 11),
(2867, 'Szin', '3761', 5),
(2868, 'Szinpetri', '3761', 5),
(2869, 'Szirák', '3044', 19),
(2870, 'Szirmabesenyő', '3711', 5),
(2871, 'Szob', '2628', 7),
(2872, 'Szőc', '8452', 7),
(2873, 'Szőce', '9935', 11),
(2874, 'Sződ', '2134', 2),
(2875, 'Sződliget', '2133', 2),
(2876, 'Szögliget', '3762', 10),
(2877, 'Szőke', '7833', 10),
(2878, 'Szőkéd', '7763', 10),
(2879, 'Szőkedencs', '8736', 9),
(2880, 'Szokolya', '2624', 5),
(2881, 'Szólád', '8625', 9),
(2882, 'Szolnok', '5008', 11),
(2883, 'Szolnok', '5000', 8),
(2884, 'Szőlősardó', '3757', 10),
(2885, 'Szőlősgyörök', '8692', 7),
(2886, 'Szombathely', '9707', 7),
(2887, 'Szombathely', '9719', 5),
(2888, 'Szombathely', '9700', 3),
(2889, 'Szomód', '2896', 3),
(2890, 'Szomolya', '3411', 11),
(2891, 'Szomor', '2822', 5),
(2892, 'Szörény', '7976', 11),
(2893, 'Szorosad', '7285', 3),
(2894, 'Szúcs', '3341', 4),
(2895, 'Szűcsi', '3034', 19),
(2896, 'Szügy', '2699', 5),
(2897, 'Szuha', '3154', 5),
(2898, 'Szuhafő', '3726', 5),
(2899, 'Szuhakálló', '3731', 3),
(2900, 'Szuhogy', '3734', 11),
(2901, 'Szulimán', '7932', 19),
(2902, 'Szulok', '7539', 4),
(2903, 'Szűr', '7735', 19),
(2904, 'Szurdokpüspöki', '3064', 3),
(2905, 'Tab', '8660', 11),
(2906, 'Tabajd', '8088', 1),
(2907, 'Tabdi', '6224', 12),
(2908, 'Táborfalva', '2381', 7),
(2909, 'Tác', '8121', 1),
(2910, 'Tagyon', '8272', 8),
(2911, 'Tahitótfalu', '2022', 7),
(2912, 'Tahitótfalu', '2021', 7),
(2913, 'Takácsi', '8541', 8),
(2914, 'Tákos', '4845', 13),
(2915, 'Taksony', '2335', 7),
(2916, 'Taktabáj', '3926', 5),
(2917, 'Taktaharkány', '3922', 5),
(2918, 'Taktakenéz', '3924', 5),
(2919, 'Taktaszada', '3921', 5),
(2920, 'Taliándörögd', '8295', 8),
(2921, 'Tállya', '3907', 5),
(2922, 'Tamási', '7091', 18),
(2923, 'Tamási', '7090', 18),
(2924, 'Tanakajd', '9762', 10),
(2925, 'Táp', '9095', 6),
(2926, 'Tápióbicske', '2764', 7),
(2927, 'Tápiógyörgye', '2767', 7),
(2928, 'Tápióság', '2253', 7),
(2929, 'Tápiószecső', '2251', 7),
(2930, 'Tápiószele', '2766', 7),
(2931, 'Tápiószentmárton', '2711', 7),
(2932, 'Tápiószőlős', '2769', 7),
(2933, 'Táplánszentkereszt', '9761', 10),
(2934, 'Tapolca', '8297', 8),
(2935, 'Tapolca', '8300', 8),
(2936, 'Tapsony', '8718', 11),
(2937, 'Tápszentmiklós', '9094', 6),
(2938, 'Tar', '3073', 19),
(2939, 'Tarany', '7514', 11),
(2940, 'Tarcal', '3915', 5),
(2941, 'Tard', '3416', 5),
(2942, 'Tardona', '3644', 5),
(2943, 'Tardos', '2834', 9),
(2944, 'Tarhos', '5641', 16),
(2945, 'Tarján', '2831', 9),
(2946, 'Tarjánpuszta', '9092', 6),
(2947, 'Tárkány', '2945', 9),
(2948, 'Tarnabod', '3369', 4),
(2949, 'Tarnalelesz', '3258', 4),
(2950, 'Tarnaméra', '3284', 4),
(2951, 'Tarnaörs', '3294', 4),
(2952, 'Tarnaszentmária', '3331', 4),
(2953, 'Tarnaszentmiklós', '3382', 4),
(2954, 'Tarnazsadány', '3283', 4),
(2955, 'Tárnok', '2461', 7),
(2956, 'Tárnokréti', '9165', 6),
(2957, 'Tarpa', '4931', 13),
(2958, 'Tarrós', '7362', 3),
(2959, 'Táska', '8696', 11),
(2960, 'Tass', '6098', 12),
(2961, 'Taszár', '7261', 11),
(2962, 'Tát', '2534', 9),
(2963, 'Tata', '2835', 9),
(2964, 'Tata', '2890', 9),
(2965, 'Tatabánya', '2800', 9),
(2966, 'Tataháza', '6451', 12),
(2967, 'Tatárszentgyörgy', '2375', 7),
(2968, 'Tázlár', '6236', 12),
(2969, 'Téglás', '4243', 17),
(2970, 'Tékes', '7381', 3),
(2971, 'Teklafalu', '7973', 3),
(2972, 'Telekes', '9812', 10),
(2973, 'Telekgerendás', '5675', 16),
(2974, 'Teleki', '8626', 11),
(2975, 'Telki', '2089', 7),
(2976, 'Telkibánya', '3896', 5),
(2977, 'Tengelic', '7054', 18),
(2978, 'Tengeri', '7834', 3),
(2979, 'Tengőd', '8668', 11),
(2980, 'Tenk', '3359', 4),
(2981, 'Tényő', '9111', 6),
(2982, 'Tépe', '4132', 17),
(2983, 'Terem', '4342', 13),
(2984, 'Terény', '2696', 19),
(2985, 'Tereske', '2652', 19),
(2986, 'Teresztenye', '3757', 5),
(2987, 'Terpes', '3334', 4),
(2988, 'Tés', '8109', 8),
(2989, 'Tésa', '2635', 7),
(2990, 'Tésenfa', '7843', 3),
(2991, 'Téseny', '7834', 3),
(2992, 'Teskánd', '8991', 15),
(2993, 'Tét', '9100', 6),
(2994, 'Tetétlen', '4184', 17),
(2995, 'Tevel', '7181', 18),
(2996, 'Tibolddaróc', '3423', 5),
(2997, 'Tiborszállás', '4353', 13),
(2998, 'Tihany', '8237', 8),
(2999, 'Tikos', '8731', 11),
(3000, 'Tilaj', '8782', 15),
(3001, 'Timár', '4466', 13),
(3002, 'Tinnye', '2086', 7),
(3003, 'Tiszaadony', '4833', 13),
(3004, 'Tiszaalpár', '6066', 12),
(3005, 'Tiszaalpár', '6067', 12),
(3006, 'Tiszabábolna', '3465', 5),
(3007, 'Tiszabecs', '4951', 13),
(3008, 'Tiszabercel', '4474', 13),
(3009, 'Tiszabezdéd', '4624', 13),
(3010, 'Tiszabő', '5232', 2),
(3011, 'Tiszabura', '5235', 2),
(3012, 'Tiszacsécse', '4947', 13),
(3013, 'Tiszacsege', '4066', 17),
(3014, 'Tiszacsermely', '3972', 5),
(3015, 'Tiszadada', '4455', 13),
(3016, 'Tiszaderzs', '5243', 2),
(3017, 'Tiszadob', '4456', 13),
(3018, 'Tiszadorogma', '3466', 5),
(3019, 'Tiszaeszlár', '4446', 13),
(3020, 'Tiszaeszlár', '4464', 13),
(3021, 'Tiszaföldvár', '5461', 2),
(3022, 'Tiszaföldvár', '5430', 2),
(3023, 'Tiszafüred', '5359', 2),
(3024, 'Tiszafüred', '5358', 2),
(3025, 'Tiszafüred', '5244', 2),
(3026, 'Tiszafüred', '5350', 2),
(3027, 'Tiszagyenda', '5233', 2),
(3028, 'Tiszagyulaháza', '4097', 17),
(3029, 'Tiszaigar', '5361', 2),
(3030, 'Tiszainoka', '5464', 2),
(3031, 'Tiszajenő', '5094', 2),
(3032, 'Tiszakanyár', '4493', 13),
(3033, 'Tiszakarád', '3971', 5),
(3034, 'Tiszakécske', '6062', 12),
(3035, 'Tiszakécske', '6060', 12),
(3036, 'Tiszakerecseny', '4834', 13),
(3037, 'Tiszakeszi', '3458', 5),
(3038, 'Tiszakóród', '4946', 13),
(3039, 'Tiszakürt', '5472', 2),
(3040, 'Tiszakürt', '5471', 2),
(3041, 'Tiszaladány', '3929', 5),
(3042, 'Tiszalök', '4447', 13),
(3043, 'Tiszalök', '4450', 13),
(3044, 'Tiszalúc', '3565', 5),
(3045, 'Tiszamogyorós', '4645', 13),
(3046, 'Tiszanagyfalu', '4463', 13),
(3047, 'Tiszanána', '3385', 4),
(3048, 'Tiszaörs', '5362', 2),
(3049, 'Tiszapalkonya', '3587', 5),
(3050, 'Tiszapüspöki', '5211', 2),
(3051, 'Tiszarád', '4503', 13),
(3052, 'Tiszaroff', '5234', 2),
(3053, 'Tiszasas', '5474', 2),
(3054, 'Tiszasüly', '5061', 2),
(3055, 'Tiszaszalka', '4831', 13),
(3056, 'Tiszaszentimre', '5323', 2),
(3057, 'Tiszaszentimre', '5322', 2),
(3058, 'Tiszaszentmárton', '4628', 13),
(3059, 'Tiszasziget', '6756', 14),
(3060, 'Tiszatardos', '3928', 5),
(3061, 'Tiszatarján', '3589', 5),
(3062, 'Tiszatelek', '4486', 13),
(3063, 'Tiszatelek', '4487', 13),
(3064, 'Tiszatenyő', '5082', 2),
(3065, 'Tiszaug', '6064', 12),
(3066, 'Tiszaújváros', '3580', 5),
(3067, 'Tiszavalk', '3464', 5),
(3068, 'Tiszavárkony', '5095', 2),
(3069, 'Tiszavárkony', '5092', 2),
(3070, 'Tiszavasvári', '4440', 13),
(3071, 'Tiszavid', '4832', 13),
(3072, 'Tisztaberek', '4969', 13),
(3073, 'Tivadar', '4921', 13),
(3074, 'Tóalmás', '2252', 7),
(3075, 'Tófalu', '3354', 4),
(3076, 'Tófej', '8946', 15),
(3077, 'Tófű', '7348', 3),
(3078, 'Tök', '2073', 5),
(3079, 'Tokaj', '3910', 9),
(3080, 'Tokod', '2531', 9),
(3081, 'Tokodaltáró', '2532', 10),
(3082, 'Tököl', '2316', 5),
(3083, 'Tokorcs', '9561', 17),
(3084, 'Tolcsva', '3934', 19),
(3085, 'Told', '4117', 18),
(3086, 'Tolmács', '2657', 18),
(3087, 'Tolna', '7131', 18),
(3088, 'Tolna', '7130', 2),
(3089, 'Tolnanémedi', '7083', 5),
(3090, 'Töltéstava', '9086', 12),
(3091, 'Tomajmonostora', '5324', 10),
(3092, 'Tomor', '3787', 1),
(3093, 'Tömörd', '9738', 15),
(3094, 'Tömörkény', '6646', 3),
(3095, 'Tompa', '6422', 10),
(3096, 'Tompaládony', '9662', 5),
(3097, 'Tordas', '2463', 5),
(3098, 'Tormafölde', '8876', 5),
(3099, 'Tormás', '7383', 5),
(3100, 'Tormásliget', '9736', 5),
(3101, 'Tornabarakony', '3765', 15),
(3102, 'Tornakápolna', '3761', 5),
(3103, 'Tornanádaska', '3767', 13),
(3104, 'Tornaszentandrás', '3765', 10),
(3105, 'Tornaszentjakab', '3769', 11),
(3106, 'Tornyiszentmiklós', '8877', 2),
(3107, 'Tornyosnémeti', '3877', 16),
(3108, 'Tornyospálca', '4642', 3),
(3109, 'Törökbálint', '2045', 15),
(3110, 'Törökkoppány', '7285', 15),
(3111, 'Törökszentmiklós', '5212', 11),
(3112, 'Törökszentmiklós', '5200', 8),
(3113, 'Torony', '9791', 7),
(3114, 'Törtel', '2747', 7),
(3115, 'Torvaj', '8660', 6),
(3116, 'Tószeg', '5091', 10),
(3117, 'Tótkomlós', '5940', 14),
(3118, 'Tótszentgyörgy', '7981', 7),
(3119, 'Tótszentmárton', '8865', 11),
(3120, 'Tótszerdahely', '8864', 2),
(3121, 'Töttös', '7755', 2),
(3122, 'Tótújfalu', '7918', 7),
(3123, 'Tótvázsony', '8246', 3),
(3124, 'Trizs', '3724', 5),
(3125, 'Tunyogmatolcs', '4731', 13),
(3126, 'Tura', '2194', 7),
(3127, 'Túristvándi', '4944', 13),
(3128, 'Türje', '8796', 2),
(3129, 'Túrkeve', '5420', 3),
(3130, 'Túrony', '7811', 13),
(3131, 'Túrricse', '4968', 13),
(3132, 'Tüskevár', '8477', 15),
(3133, 'Tuzsér', '4623', 8),
(3134, 'Tyukod', '4762', 13),
(3135, 'Udvar', '7718', 3),
(3136, 'Udvari', '7066', 18),
(3137, 'Ugod', '8564', 8),
(3138, 'Újbarok', '2066', 1),
(3139, 'Újcsanálos', '3716', 5),
(3140, 'Újdombrád', '4491', 13),
(3141, 'Újfehértó', '4244', 13),
(3142, 'Újhartyán', '2367', 7),
(3143, 'Újiráz', '4146', 17),
(3144, 'Újireg', '7095', 18),
(3145, 'Újkenéz', '4635', 13),
(3146, 'Újkér', '9472', 6),
(3147, 'Újkígyós', '5661', 16),
(3148, 'Újlengyel', '2724', 7),
(3149, 'Újléta', '4288', 17),
(3150, 'Újlőrincfalva', '3387', 4),
(3151, 'Újpetre', '7766', 3),
(3152, 'Újrónafő', '9244', 6),
(3153, 'Újsolt', '6320', 12),
(3154, 'Újszalonta', '5727', 16),
(3155, 'Újszász', '5052', 2),
(3156, 'Újszentiván', '6754', 14),
(3157, 'Újszentmargita', '4065', 17),
(3158, 'Újszilvás', '2768', 7),
(3159, 'Újtelek', '6337', 12),
(3160, 'Újtikos', '4096', 17),
(3161, 'Újudvar', '8778', 15),
(3162, 'Újvárfalva', '7436', 11),
(3163, 'Ukk', '8347', 8),
(3164, 'Üllés', '6794', 6),
(3165, 'Üllő', '2225', 9),
(3166, 'Und', '9464', 5),
(3167, 'Úny', '2528', 13),
(3168, 'Uppony', '3622', 10),
(3169, 'Ura', '4763', 1),
(3170, 'Uraiújfalu', '9651', 7),
(3171, 'Úrhida', '8142', 8),
(3172, 'Úri', '2244', 13),
(3173, 'Úrkút', '8409', 12),
(3174, 'Üröm', '2096', 8),
(3175, 'Uszka', '4952', 14),
(3176, 'Uszód', '6332', 7),
(3177, 'Uzsa', '8321', 7),
(3178, 'Vác', '2600', 7),
(3179, 'Vácduka', '2167', 7),
(3180, 'Vácegres', '2184', 7),
(3181, 'Váchartyán', '2164', 7),
(3182, 'Váckisújfalu', '2185', 7),
(3183, 'Vácrátót', '2163', 7),
(3184, 'Vácszentlászló', '2115', 7),
(3185, 'Vadna', '3636', 5),
(3186, 'Vadosfa', '9346', 6),
(3187, 'Vág', '9327', 6),
(3188, 'Vágáshuta', '3992', 5),
(3189, 'Vaja', '4562', 13),
(3190, 'Vajdácska', '3961', 5),
(3191, 'Vajszló', '7838', 3),
(3192, 'Vajta', '7041', 1),
(3193, 'Vál', '2473', 1),
(3194, 'Valkó', '2114', 7),
(3195, 'Valkonya', '8885', 15),
(3196, 'Vállaj', '4351', 13),
(3197, 'Vállus', '8316', 15),
(3198, 'Vámosatya', '4936', 13),
(3199, 'Vámoscsalád', '9665', 10),
(3200, 'Vámosgyörk', '3291', 4),
(3201, 'Vámosmikola', '2635', 7),
(3202, 'Vámosoroszi', '4966', 13),
(3203, 'Vámospércs', '4287', 17),
(3204, 'Vámosszabadi', '9061', 5),
(3205, 'Vámosújfalu', '3941', 6),
(3206, 'Váncsod', '4119', 17),
(3207, 'Vanyarc', '2688', 19),
(3208, 'Vanyola', '8552', 8),
(3209, 'Várad', '7973', 3),
(3210, 'Váralja', '7354', 18),
(3211, 'Varászló', '8723', 11),
(3212, 'Váraszó', '3254', 4),
(3213, 'Várbalog', '9243', 6),
(3214, 'Varbó', '3778', 5),
(3215, 'Varbóc', '3756', 5),
(3216, 'Várda', '7442', 11),
(3217, 'Várdomb', '7146', 18),
(3218, 'Várfölde', '8891', 15),
(3219, 'Varga', '7370', 3),
(3220, 'Várgesztes', '2824', 9),
(3221, 'Várkesző', '8523', 8),
(3222, 'Várong', '7214', 18),
(3223, 'Városföld', '6033', 12),
(3224, 'Városlőd', '8445', 8),
(3225, 'Várpalota', '8103', 8),
(3226, 'Várpalota', '8104', 8),
(3227, 'Várpalota', '8100', 8),
(3228, 'Varsád', '7067', 18),
(3229, 'Varsány', '3178', 19),
(3230, 'Várvölgy', '8316', 15),
(3231, 'Vasad', '2211', 7),
(3232, 'Vasalja', '9921', 10),
(3233, 'Vásárosbéc', '7926', 3),
(3234, 'Vásárosdombó', '7362', 3),
(3235, 'Vásárosfalu', '9343', 6),
(3236, 'Vásárosmiske', '9552', 10),
(3237, 'Vásárosnamény', '4803', 13),
(3238, 'Vásárosnamény', '4804', 13),
(3239, 'Vásárosnamény', '4800', 13),
(3240, 'Vasasszonyfa', '9744', 10),
(3241, 'Vasboldogasszony', '8914', 15),
(3242, 'Vasegerszeg', '9661', 10),
(3243, 'Vashosszúfalu', '9674', 10),
(3244, 'Vaskeresztes', '9795', 10),
(3245, 'Vaskút', '6521', 12),
(3246, 'Vasmegyer', '4502', 13),
(3247, 'Vaspör', '8998', 15),
(3248, 'Vassurány', '9741', 10),
(3249, 'Vászoly', '8245', 8),
(3250, 'Vasszécseny', '9763', 10),
(3251, 'Vasszentmihály', '9953', 10),
(3252, 'Vasszilvágy', '9747', 10),
(3253, 'Vasvár', '9800', 10),
(3254, 'Vaszar', '8542', 8),
(3255, 'Vát', '9748', 10),
(3256, 'Vatta', '3431', 5),
(3257, 'Vázsnok', '7370', 3),
(3258, 'Vécs', '3265', 4),
(3259, 'Vecsés', '2220', 7),
(3260, 'Végegyháza', '5811', 16),
(3261, 'Vejti', '7838', 3),
(3262, 'Vékény', '7333', 3),
(3263, 'Vekerd', '4143', 17),
(3264, 'Velem', '9726', 10),
(3265, 'Velemér', '9946', 10),
(3266, 'Velence', '2481', 1),
(3267, 'Velény', '7951', 3),
(3268, 'Véménd', '7726', 3),
(3269, 'Vének', '9062', 6),
(3270, 'Vép', '9751', 10),
(3271, 'Vereb', '2477', 1),
(3272, 'Veresegyház', '2112', 7),
(3273, 'Verőce', '2621', 7),
(3274, 'Verpelét', '3351', 4),
(3275, 'Verseg', '2174', 7),
(3276, 'Versend', '7752', 3),
(3277, 'Vértesacsa', '8089', 1),
(3278, 'Vértesboglár', '8085', 1),
(3279, 'Vérteskethely', '2859', 9),
(3280, 'Vértessomló', '2823', 9),
(3281, 'Vértestolna', '2833', 9),
(3282, 'Vértesszőlős', '2837', 9),
(3283, 'Vése', '8721', 11),
(3284, 'Veszkény', '9352', 6),
(3285, 'Veszprém', '8412', 8),
(3286, 'Veszprém', '8411', 8),
(3287, 'Veszprém', '8200', 8),
(3288, 'Veszprémfajsz', '8248', 8),
(3289, 'Veszprémgalsa', '8475', 8),
(3290, 'Veszprémvarsány', '8438', 8),
(3291, 'Vésztő', '5530', 16),
(3292, 'Vezseny', '5093', 2),
(3293, 'Vid', '8484', 8),
(3294, 'Vigántpetend', '8294', 8),
(3295, 'Villány', '7773', 3),
(3296, 'Villánykövesd', '7772', 3),
(3297, 'Vilmány', '3891', 5),
(3298, 'Vilonya', '8194', 8),
(3299, 'Vilyvitány', '3991', 5),
(3300, 'Vinár', '9535', 8),
(3301, 'Vindornyafok', '8354', 15),
(3302, 'Vindornyalak', '8353', 15),
(3303, 'Vindornyaszőlős', '8355', 15),
(3304, 'Visegrád', '2026', 7),
(3305, 'Visegrád', '2025', 7),
(3306, 'Visnye', '7533', 11),
(3307, 'Visonta', '3272', 4),
(3308, 'Visonta', '3271', 4),
(3309, 'Viss', '3956', 5),
(3310, 'Visz', '8681', 11),
(3311, 'Viszák', '9932', 10),
(3312, 'Viszló', '3825', 5),
(3313, 'Visznek', '3293', 4),
(3314, 'Vitnyéd', '9371', 6),
(3315, 'Vízvár', '7588', 11),
(3316, 'Vizslás', '3128', 19),
(3317, 'Vizsoly', '3888', 5),
(3318, 'Vokány', '7768', 3),
(3319, 'Vonyarcvashegy', '8314', 15),
(3320, 'Vöckönd', '8931', 15),
(3321, 'Völcsej', '9462', 6),
(3322, 'Vönöck', '9516', 10),
(3323, 'Vöröstó', '8291', 8),
(3324, 'Vörs', '8711', 11),
(3325, 'Zabar', '3124', 19),
(3326, 'Zádor', '7976', 3),
(3327, 'Zádorfalva', '3726', 5),
(3328, 'Zagyvarékas', '5051', 2),
(3329, 'Zagyvaszántó', '3031', 4),
(3330, 'Záhony', '4625', 13),
(3331, 'Zajk', '8868', 15),
(3332, 'Zajta', '4974', 13),
(3333, 'Zákány', '8853', 11),
(3334, 'Zákányszék', '6787', 14),
(3335, 'Zala', '8660', 11),
(3336, 'Zalaapáti', '8741', 15),
(3337, 'Zalabaksa', '8971', 15),
(3338, 'Zalabér', '8798', 15),
(3339, 'Zalaboldogfa', '8992', 15),
(3340, 'Zalacsány', '8782', 15),
(3341, 'Zalacséb', '8996', 15),
(3342, 'Zalaegerszeg', '8900', 15),
(3343, 'Zalaerdőd', '8344', 8),
(3344, 'Zalagyömörő', '8349', 8),
(3345, 'Zalahaláp', '8308', 8),
(3346, 'Zalaháshágy', '8997', 15),
(3347, 'Zalaigrice', '8761', 15),
(3348, 'Zalaistvánd', '8932', 15),
(3349, 'Zalakaros', '8749', 15),
(3350, 'Zalakomár', '8751', 15),
(3351, 'Zalakomár', '8752', 15),
(3352, 'Zalaköveskút', '8354', 15),
(3353, 'Zalalövő', '8999', 15),
(3354, 'Zalameggyes', '8348', 8),
(3355, 'Zalamerenye', '8747', 15),
(3356, 'Zalasárszeg', '8756', 15),
(3357, 'Zalaszabar', '8743', 15),
(3358, 'Zalaszántó', '8353', 15),
(3359, 'Zalaszegvár', '8476', 8),
(3360, 'Zalaszentbalázs', '8772', 15),
(3361, 'Zalaszentgrót', '8795', 15),
(3362, 'Zalaszentgrót', '8793', 15),
(3363, 'Zalaszentgrót', '8785', 15),
(3364, 'Zalaszentgrót', '8789', 15),
(3365, 'Zalaszentgrót', '8790', 15);
INSERT INTO `cities` (`id`, `cityName`, `zipCode`, `county_id`) VALUES
(3366, 'Zalaszentgyörgy', '8994', 15),
(3367, 'Zalaszentiván', '8921', 15),
(3368, 'Zalaszentjakab', '8827', 15),
(3369, 'Zalaszentlászló', '8788', 15),
(3370, 'Zalaszentlőrinc', '8921', 15),
(3371, 'Zalaszentmárton', '8764', 15),
(3372, 'Zalaszentmihály', '8936', 15),
(3373, 'Zalaszombatfa', '8969', 15),
(3374, 'Zaláta', '7839', 3),
(3375, 'Zalatárnok', '8947', 15),
(3376, 'Zalaújlak', '8822', 15),
(3377, 'Zalavár', '8392', 15),
(3378, 'Zalavég', '8792', 15),
(3379, 'Zalkod', '3957', 5),
(3380, 'Zamárdi', '8621', 11),
(3381, 'Zámoly', '8081', 1),
(3382, 'Zánka', '8251', 8),
(3383, 'Zaránk', '3296', 4),
(3384, 'Závod', '7182', 18),
(3385, 'Zebecke', '8957', 15),
(3386, 'Zebegény', '2627', 7),
(3387, 'Zemplénagárd', '3977', 5),
(3388, 'Zengővárkony', '7720', 3),
(3389, 'Zichyújfalu', '8112', 1),
(3390, 'Zics', '8672', 11),
(3391, 'Ziliz', '3794', 5),
(3392, 'Zimány', '7471', 11),
(3393, 'Zirc', '8420', 8),
(3394, 'Zók', '7671', 3),
(3395, 'Zomba', '7173', 18),
(3396, 'Zsadány', '5537', 16),
(3397, 'Zsáka', '4142', 17),
(3398, 'Zsámbék', '2072', 7),
(3399, 'Zsámbok', '2116', 7),
(3400, 'Zsana', '6411', 12),
(3401, 'Zsarolyán', '4961', 13),
(3402, 'Zsebeháza', '9346', 6),
(3403, 'Zsédeny', '9635', 10),
(3404, 'Zselickisfalud', '7477', 11),
(3405, 'Zselickislak', '7400', 11),
(3406, 'Zselicszentpál', '7474', 11),
(3407, 'Zsennye', '9766', 10),
(3408, 'Zsira', '9476', 6),
(3409, 'Zsombó', '6792', 14),
(3410, 'Zsujta', '3897', 5),
(3411, 'Zsurk', '4627', 13),
(3412, 'Zubogy', '3723', 5);

-- --------------------------------------------------------

--
-- Tábla szerkezet ehhez a táblához `counties`
--

CREATE TABLE `counties` (
  `id` bigint UNSIGNED NOT NULL,
  `countyName` varchar(255) COLLATE utf8mb4_unicode_ci NOT NULL
) ENGINE=InnoDB DEFAULT CHARSET=utf8mb4 COLLATE=utf8mb4_unicode_ci;

--
-- A tábla adatainak kiíratása `counties`
--

INSERT INTO `counties` (`id`, `countyName`) VALUES
(1, 'Fejér'),
(2, 'Jász-Nagykun-Szolnok'),
(3, 'Baranya'),
(4, 'Heves'),
(5, 'Borsod-Abaúj-Zemplén'),
(6, 'Győr-Moson-Sopron'),
(7, 'Pest'),
(8, 'Veszprém'),
(9, 'Komárom-Esztergom'),
(10, 'Vas'),
(11, 'Somogy'),
(12, 'Bács-Kiskun'),
(13, 'Szabolcs-Szatmár-Bereg'),
(14, 'Csongrád'),
(15, 'Zala'),
(16, 'Békés'),
(17, 'Hajdú-Bihar'),
(18, 'Tolna'),
(19, 'Nógrád');

-- --------------------------------------------------------

--
-- Tábla szerkezet ehhez a táblához `documents`
--

CREATE TABLE `documents` (
  `id` bigint UNSIGNED NOT NULL,
  `user_id` bigint UNSIGNED NOT NULL,
  `originalName` varchar(255) COLLATE utf8mb4_unicode_ci NOT NULL,
  `fileName` varchar(255) COLLATE utf8mb4_unicode_ci NOT NULL,
  `filePath` varchar(255) COLLATE utf8mb4_unicode_ci NOT NULL,
  `mimeType` varchar(255) COLLATE utf8mb4_unicode_ci NOT NULL,
  `fileSize` int NOT NULL,
  `documentType` enum('Kedvezmény','Cukorbetegség') COLLATE utf8mb4_unicode_ci DEFAULT NULL,
  `isActive` tinyint(1) NOT NULL DEFAULT '1',
  `isAccepted` tinyint(1) NOT NULL DEFAULT '0',
  `created_at` timestamp NULL DEFAULT NULL,
  `updated_at` timestamp NULL DEFAULT NULL
) ENGINE=InnoDB DEFAULT CHARSET=utf8mb4 COLLATE=utf8mb4_unicode_ci;

-- --------------------------------------------------------

--
-- Tábla szerkezet ehhez a táblához `ingredients`
--

CREATE TABLE `ingredients` (
  `id` bigint UNSIGNED NOT NULL,
  `ingredientName` varchar(255) COLLATE utf8mb4_unicode_ci NOT NULL,
  `ingredientType` enum('Egyéb','Hús','Hal','Tejtermék','Zöldség','Gyümölcs','Fűszer','Tésztaféle','Kenyérféle') COLLATE utf8mb4_unicode_ci NOT NULL DEFAULT 'Egyéb',
  `energy` int DEFAULT NULL,
  `protein` int DEFAULT NULL,
  `carbohydrate` int DEFAULT NULL,
  `fat` int DEFAULT NULL,
  `sodium` int DEFAULT NULL,
  `sugar` int DEFAULT NULL,
  `fiber` int DEFAULT NULL,
  `isAvailable` tinyint(1) NOT NULL DEFAULT '1'
) ENGINE=InnoDB DEFAULT CHARSET=utf8mb4 COLLATE=utf8mb4_unicode_ci;

--
-- A tábla adatainak kiíratása `ingredients`
--

INSERT INTO `ingredients` (`id`, `ingredientName`, `ingredientType`, `energy`, `protein`, `carbohydrate`, `fat`, `sodium`, `sugar`, `fiber`, `isAvailable`) VALUES
(1, 'Friss gomba', 'Zöldség', 22, 3, 3, 0, 5, 2, 1, 1),
(2, 'Törölnivaló', 'Fűszer', 2, 3, 3, 0, 5, 2, 1, 1),
(3, 'Hagyma', 'Zöldség', 40, 1, 9, 0, 4, 4, 2, 1),
(4, 'Tejföl', 'Tejtermék', 135, 3, 4, 12, 40, 4, 0, 1),
(5, 'Marhahús (comb)', 'Hús', 250, 26, 0, 15, 70, 0, 0, 1),
(6, 'Vöröshagyma', 'Zöldség', 40, 1, 9, 0, 4, 4, 2, 1),
(7, 'Piros paprika', 'Zöldség', 31, 1, 6, 0, 4, 4, 2, 1),
(8, 'Tészta (spaghetti)', 'Egyéb', 131, 5, 25, 1, 1, 1, 1, 1),
(9, 'Trappista sajt', 'Tejtermék', 350, 25, 2, 28, 620, 1, 0, 1),
(10, 'Tej', 'Tejtermék', 350, 25, 2, 28, 620, 1, 0, 1),
(11, 'Tejszín', 'Tejtermék', 345, 2, 3, 36, 40, 3, 0, 1),
(12, 'Lasagne lap', 'Egyéb', 370, 12, 74, 2, 10, 3, 3, 1),
(13, 'Darált marhahús', 'Hús', 250, 26, 0, 16, 75, 0, 0, 1),
(14, 'Paradicsom szósz', 'Egyéb', 80, 2, 12, 3, 400, 9, 2, 1),
(15, 'Mozzarella sajt', 'Tejtermék', 280, 22, 2, 22, 400, 1, 0, 1),
(16, 'Csirkemell', 'Hús', 165, 31, 0, 3, 74, 0, 0, 1),
(17, 'Répa', 'Zöldség', 41, 1, 10, 0, 69, 5, 3, 1),
(18, 'Petrezselyem gyökér', 'Zöldség', 55, 2, 12, 0, 60, 2, 4, 1),
(19, 'Zeller', 'Zöldség', 42, 2, 9, 0, 80, 2, 2, 1),
(20, 'Csirkecomb', 'Hús', 240, 27, 0, 14, 90, 0, 0, 1),
(21, 'Olívaolaj', 'Egyéb', 884, 0, 0, 100, 0, 0, 0, 1),
(22, 'Fokhagyma', 'Zöldség', 149, 6, 33, 0, 17, 1, 2, 1),
(23, 'Citromlé', 'Egyéb', 29, 1, 9, 0, 1, 2, 0, 1),
(24, 'Alma', 'Gyümölcs', 52, 0, 14, 0, 1, 10, 2, 1),
(25, 'Banán', 'Gyümölcs', 89, 1, 23, 0, 1, 12, 3, 1),
(26, 'Narancs', 'Gyümölcs', 47, 1, 12, 0, 0, 9, 2, 1),
(27, 'Szőlő', 'Gyümölcs', 69, 1, 18, 0, 2, 16, 1, 1),
(28, 'Só', 'Fűszer', 0, 0, 0, 0, 38758, 0, 0, 1),
(29, 'Bors', 'Fűszer', 251, 10, 64, 3, 20, 1, 26, 1),
(30, 'Liszt', 'Egyéb', 364, 10, 76, 1, 2, 0, 3, 1),
(31, 'Vaj', 'Tejtermék', 717, 1, 0, 81, 11, 0, 0, 1),
(32, 'Élesztő', 'Egyéb', 105, 8, 18, 2, 30, 0, 8, 1),
(33, 'Cukor', 'Egyéb', 387, 0, 100, 0, 1, 100, 0, 1),
(34, 'Burgonya', 'Zöldség', 77, 2, 17, 0, 6, 1, 2, 1),
(35, 'Rizs', 'Egyéb', 130, 3, 28, 0, 1, 0, 0, 1),
(36, 'Búzaliszt', 'Egyéb', 364, 10, 76, 1, 2, 0, 3, 1),
(37, 'Tojás', 'Egyéb', 155, 13, 1, 11, 124, 0, 0, 1),
(38, 'Paradicsom', 'Zöldség', 18, 1, 4, 0, 5, 3, 1, 1),
(39, 'Uborka', 'Zöldség', 15, 1, 4, 0, 2, 2, 1, 1),
(40, 'Hal', 'Hal', 206, 22, 0, 13, 61, 0, 0, 1),
(41, 'Rák', 'Hal', 85, 18, 0, 1, 119, 0, 0, 1),
(42, 'Mustár', 'Egyéb', 66, 4, 6, 4, 1135, 1, 3, 1),
(43, 'Mogyoró', 'Egyéb', 628, 15, 17, 61, 0, 4, 10, 1),
(44, 'Dió', 'Egyéb', 654, 15, 14, 65, 2, 2, 7, 1),
(45, 'Mandula', 'Egyéb', 579, 21, 22, 50, 1, 4, 13, 1),
(46, 'Földimogyoró', 'Egyéb', 567, 26, 16, 49, 18, 4, 9, 1);

-- --------------------------------------------------------

--
-- Tábla szerkezet ehhez a táblához `ingredient_allergens`
--

CREATE TABLE `ingredient_allergens` (
  `allergen_id` bigint UNSIGNED NOT NULL,
  `ingredient_id` bigint UNSIGNED NOT NULL
) ENGINE=InnoDB DEFAULT CHARSET=utf8mb4 COLLATE=utf8mb4_unicode_ci;

--
-- A tábla adatainak kiíratása `ingredient_allergens`
--

INSERT INTO `ingredient_allergens` (`allergen_id`, `ingredient_id`) VALUES
(1, 8),
(1, 12),
(1, 30),
(1, 32),
(1, 36),
(2, 41),
(3, 37),
(4, 40),
(5, 46),
(7, 4),
(7, 9),
(7, 10),
(7, 11),
(7, 31),
(8, 43),
(8, 44),
(8, 45),
(8, 46),
(9, 19),
(10, 42);

-- --------------------------------------------------------

--
-- Tábla szerkezet ehhez a táblához `invoices`
--

CREATE TABLE `invoices` (
  `id` bigint UNSIGNED NOT NULL,
  `user_id` bigint UNSIGNED NOT NULL,
  `invoiceNumber` varchar(255) COLLATE utf8mb4_unicode_ci NOT NULL,
  `billingMonth` date NOT NULL,
  `issueDate` date NOT NULL,
  `dueDate` date NOT NULL,
  `totalAmount` decimal(10,2) NOT NULL,
  `paymentMethod` enum('Banki utalás','Bankkártya','Készpénz') COLLATE utf8mb4_unicode_ci NOT NULL DEFAULT 'Bankkártya',
  `invoiceStatus` enum('Függőben lévő','Generálva','Fizetve','Lejárt') COLLATE utf8mb4_unicode_ci NOT NULL DEFAULT 'Generálva',
  `transactionId` varchar(255) COLLATE utf8mb4_unicode_ci DEFAULT NULL,
  `paidAt` timestamp NULL DEFAULT NULL,
  `created_at` timestamp NULL DEFAULT NULL,
  `updated_at` timestamp NULL DEFAULT NULL
) ENGINE=InnoDB DEFAULT CHARSET=utf8mb4 COLLATE=utf8mb4_unicode_ci;

-- --------------------------------------------------------

--
-- Tábla szerkezet ehhez a táblához `meals`
--

CREATE TABLE `meals` (
  `id` bigint UNSIGNED NOT NULL,
  `mealName` varchar(255) COLLATE utf8mb4_unicode_ci NOT NULL,
  `mealType` enum('Leves','Főétel','Egyéb') COLLATE utf8mb4_unicode_ci NOT NULL,
  `description` text COLLATE utf8mb4_unicode_ci,
  `created_at` timestamp NULL DEFAULT NULL,
  `updated_at` timestamp NULL DEFAULT NULL
) ENGINE=InnoDB DEFAULT CHARSET=utf8mb4 COLLATE=utf8mb4_unicode_ci;

--
-- A tábla adatainak kiíratása `meals`
--

INSERT INTO `meals` (`id`, `mealName`, `mealType`, `description`, `created_at`, `updated_at`) VALUES
(1, 'Sajtos tészta', 'Főétel', 'Tészta sajttal', '2026-04-26 16:56:01', '2026-04-26 16:56:01'),
(2, 'Marhapörkölt', 'Főétel', 'Marhából készült pöri', '2026-04-26 16:56:01', '2026-04-26 16:56:01'),
(3, 'Gombaleves', 'Leves', 'Könnyű aromás, mennyei falat', '2026-04-26 16:56:01', '2026-04-26 16:56:01'),
(4, 'Rántott csirke', 'Főétel', 'Ropogós rántott csirkemell', '2026-04-26 16:56:01', '2026-04-26 16:56:01'),
(5, 'Húsleves', 'Leves', 'Hagyományos húsleves', '2026-04-26 16:56:01', '2026-04-26 16:56:01'),
(6, 'Grillcsirke', 'Főétel', 'Fűszeres grillcsirke', '2026-04-26 16:56:01', '2026-04-26 16:56:01'),
(7, 'Gyümölcssaláta', 'Egyéb', 'Friss gyümölcsökből', '2026-04-26 16:56:01', '2026-04-26 16:56:01'),
(8, 'Paradicsomleves', 'Leves', 'Krém paradicsomleves', '2026-04-26 16:56:01', '2026-04-26 16:56:01'),
(9, 'Lasagne', 'Főétel', 'Olasz lasagne', '2026-04-26 16:56:01', '2026-04-26 16:56:01'),
(10, 'Rakott krumpli', 'Főétel', 'Hagyományos rakott krumpli kolbásszal, tojással', '2026-04-26 16:56:01', '2026-04-26 16:56:01'),
(11, 'Túrós csusza', 'Főétel', 'Tészta túróval, tejföllel, szalonna', '2026-04-26 16:56:01', '2026-04-26 16:56:01'),
(12, 'Csirkepaprikás', 'Főétel', 'Szaftos csirkepaprikás galuskával', '2026-04-26 16:56:01', '2026-04-26 16:56:01'),
(13, 'Palacsinta', 'Egyéb', 'Házi palacsinta nutellás vagy lekváros töltelékkel', '2026-04-26 16:56:01', '2026-04-26 16:56:01'),
(14, 'Magyaros burgonyás pogácsa', 'Főétel', 'Sós pogácsa burgonyával', '2026-04-26 16:56:01', '2026-04-26 16:56:01'),
(15, 'Cézár saláta', 'Főétel', 'Ropogós saláta csirkével, sajttal, Cézár öntettel', '2026-04-26 16:56:01', '2026-04-26 16:56:01'),
(16, 'Almás pite', 'Egyéb', 'Omlós tészta, fahéjas almás töltelék', '2026-04-26 16:56:01', '2026-04-26 16:56:01'),
(17, 'Frankfurti leves', 'Leves', 'Zöldséges leves virslivel', '2026-04-26 16:56:01', '2026-04-26 16:56:01');

-- --------------------------------------------------------

--
-- Tábla szerkezet ehhez a táblához `meal_ingredients`
--

CREATE TABLE `meal_ingredients` (
  `meal_id` bigint UNSIGNED NOT NULL,
  `ingredient_id` bigint UNSIGNED NOT NULL,
  `amount` decimal(8,2) NOT NULL,
  `unit` varchar(30) COLLATE utf8mb4_unicode_ci NOT NULL
) ENGINE=InnoDB DEFAULT CHARSET=utf8mb4 COLLATE=utf8mb4_unicode_ci;

--
-- A tábla adatainak kiíratása `meal_ingredients`
--

INSERT INTO `meal_ingredients` (`meal_id`, `ingredient_id`, `amount`, `unit`) VALUES
(1, 8, 400.00, 'g'),
(1, 9, 200.00, 'g'),
(1, 11, 200.00, 'ml'),
(1, 28, 10.00, 'g'),
(1, 31, 50.00, 'g'),
(2, 5, 500.00, 'g'),
(2, 6, 150.00, 'g'),
(2, 7, 100.00, 'g'),
(2, 21, 30.00, 'ml'),
(2, 28, 15.00, 'g'),
(2, 29, 8.00, 'g'),
(3, 1, 300.00, 'g'),
(3, 3, 100.00, 'g'),
(3, 4, 200.00, 'ml'),
(3, 28, 10.00, 'g'),
(3, 29, 5.00, 'g'),
(5, 3, 100.00, 'g'),
(5, 16, 600.00, 'g'),
(5, 17, 200.00, 'g'),
(5, 18, 100.00, 'g'),
(5, 19, 150.00, 'g'),
(5, 28, 15.00, 'g'),
(6, 20, 800.00, 'g'),
(6, 21, 50.00, 'ml'),
(6, 22, 30.00, 'g'),
(6, 23, 50.00, 'ml'),
(6, 28, 20.00, 'g'),
(6, 29, 10.00, 'g'),
(7, 23, 20.00, 'ml'),
(7, 24, 200.00, 'g'),
(7, 25, 150.00, 'g'),
(7, 26, 200.00, 'g'),
(7, 27, 150.00, 'g'),
(9, 6, 100.00, 'g'),
(9, 12, 250.00, 'g'),
(9, 13, 400.00, 'g'),
(9, 14, 500.00, 'ml'),
(9, 15, 250.00, 'g'),
(9, 22, 20.00, 'g');

-- --------------------------------------------------------

--
-- Tábla szerkezet ehhez a táblához `menuitems`
--

CREATE TABLE `menuitems` (
  `id` bigint UNSIGNED NOT NULL,
  `soup` bigint UNSIGNED NOT NULL,
  `optionA` bigint UNSIGNED NOT NULL,
  `optionB` bigint UNSIGNED NOT NULL,
  `other` bigint UNSIGNED DEFAULT NULL,
  `day` date NOT NULL,
  `created_at` timestamp NULL DEFAULT NULL,
  `updated_at` timestamp NULL DEFAULT NULL
) ENGINE=InnoDB DEFAULT CHARSET=utf8mb4 COLLATE=utf8mb4_unicode_ci;

--
-- A tábla adatainak kiíratása `menuitems`
--

INSERT INTO `menuitems` (`id`, `soup`, `optionA`, `optionB`, `other`, `day`, `created_at`, `updated_at`) VALUES
(1, 3, 2, 1, NULL, '2026-04-27', '2026-04-26 16:56:01', '2026-04-26 16:56:01'),
(2, 5, 4, 6, 7, '2026-04-28', '2026-04-26 16:56:01', '2026-04-26 16:56:01'),
(3, 8, 9, 2, NULL, '2026-04-29', '2026-04-26 16:56:01', '2026-04-26 16:56:01'),
(4, 3, 6, 1, 7, '2026-04-30', '2026-04-26 16:56:01', '2026-04-26 16:56:01'),
(5, 5, 9, 4, NULL, '2026-05-04', '2026-04-26 16:56:01', '2026-04-26 16:56:01'),
(6, 3, 2, 1, NULL, '2026-05-05', '2026-04-26 16:56:01', '2026-04-26 16:56:01'),
(7, 5, 4, 6, 7, '2026-05-06', '2026-04-26 16:56:01', '2026-04-26 16:56:01'),
(8, 8, 9, 2, NULL, '2026-05-07', '2026-04-26 16:56:01', '2026-04-26 16:56:01'),
(9, 3, 6, 1, 7, '2026-05-08', '2026-04-26 16:56:01', '2026-04-26 16:56:01'),
(10, 5, 9, 4, NULL, '2026-05-11', '2026-04-26 16:56:01', '2026-04-26 16:56:01'),
(11, 3, 2, 1, NULL, '2026-05-12', '2026-04-26 16:56:01', '2026-04-26 16:56:01'),
(12, 5, 4, 6, 7, '2026-05-13', '2026-04-26 16:56:01', '2026-04-26 16:56:01'),
(13, 8, 9, 2, NULL, '2026-05-14', '2026-04-26 16:56:01', '2026-04-26 16:56:01'),
(14, 3, 6, 1, 7, '2026-05-15', '2026-04-26 16:56:01', '2026-04-26 16:56:01'),
(15, 5, 9, 4, NULL, '2026-05-18', '2026-04-26 16:56:01', '2026-04-26 16:56:01'),
(16, 3, 2, 1, NULL, '2026-05-19', '2026-04-26 16:56:01', '2026-04-26 16:56:01'),
(17, 5, 4, 6, 7, '2026-05-20', '2026-04-26 16:56:01', '2026-04-26 16:56:01'),
(18, 8, 9, 2, NULL, '2026-05-21', '2026-04-26 16:56:01', '2026-04-26 16:56:01'),
(19, 3, 6, 1, 7, '2026-05-22', '2026-04-26 16:56:01', '2026-04-26 16:56:01'),
(20, 5, 9, 4, NULL, '2026-05-25', '2026-04-26 16:56:01', '2026-04-26 16:56:01'),
(21, 3, 2, 1, NULL, '2026-05-26', '2026-04-26 16:56:01', '2026-04-26 16:56:01');

-- --------------------------------------------------------

--
-- Tábla szerkezet ehhez a táblához `migrations`
--

CREATE TABLE `migrations` (
  `id` int UNSIGNED NOT NULL,
  `migration` varchar(255) COLLATE utf8mb4_unicode_ci NOT NULL,
  `batch` int NOT NULL
) ENGINE=InnoDB DEFAULT CHARSET=utf8mb4 COLLATE=utf8mb4_unicode_ci;

--
-- A tábla adatainak kiíratása `migrations`
--

INSERT INTO `migrations` (`id`, `migration`, `batch`) VALUES
(1, '2025_11_14_073705_create_base_tables', 1),
(2, '2025_11_14_073924_create_main_tables', 1),
(3, '2025_11_14_074025_create_connecting_tables', 1),
(4, '2025_11_14_074751_create_order_tables', 1),
(5, '2025_11_25_073113_create_personal_access_tokens_table', 1),
(6, '2026_01_28_110607_change_cardnumber_to_string_in_rfidcards', 1),
(7, '2026_01_28_111644_add_unique_to_users_rfidcard_id', 1),
(8, '2026_01_28_122323_add_cardnumber_to_rfidcards', 1),
(9, '2026_02_25_074802_documents', 1);

-- --------------------------------------------------------

--
-- Tábla szerkezet ehhez a táblához `orders`
--

CREATE TABLE `orders` (
  `id` bigint UNSIGNED NOT NULL,
  `user_id` bigint UNSIGNED NOT NULL,
  `menuItems_id` bigint UNSIGNED NOT NULL,
  `orderDate` date NOT NULL,
  `selectedOption` enum('A','B') COLLATE utf8mb4_unicode_ci NOT NULL,
  `orderStatus` enum('Rendelve','Lemondva','Fizetve') COLLATE utf8mb4_unicode_ci NOT NULL DEFAULT 'Rendelve',
  `invoice_id` bigint UNSIGNED DEFAULT NULL,
  `price_id` bigint UNSIGNED NOT NULL,
  `cancelledAt` timestamp NULL DEFAULT NULL,
  `created_at` timestamp NULL DEFAULT NULL,
  `updated_at` timestamp NULL DEFAULT NULL
) ENGINE=InnoDB DEFAULT CHARSET=utf8mb4 COLLATE=utf8mb4_unicode_ci;

-- --------------------------------------------------------

--
-- Tábla szerkezet ehhez a táblához `personal_access_tokens`
--

CREATE TABLE `personal_access_tokens` (
  `id` bigint UNSIGNED NOT NULL,
  `tokenable_type` varchar(255) COLLATE utf8mb4_unicode_ci NOT NULL,
  `tokenable_id` bigint UNSIGNED NOT NULL,
  `name` text COLLATE utf8mb4_unicode_ci NOT NULL,
  `token` varchar(64) COLLATE utf8mb4_unicode_ci NOT NULL,
  `abilities` text COLLATE utf8mb4_unicode_ci,
  `last_used_at` timestamp NULL DEFAULT NULL,
  `expires_at` timestamp NULL DEFAULT NULL,
  `created_at` timestamp NULL DEFAULT NULL,
  `updated_at` timestamp NULL DEFAULT NULL
) ENGINE=InnoDB DEFAULT CHARSET=utf8mb4 COLLATE=utf8mb4_unicode_ci;

-- --------------------------------------------------------

--
-- Tábla szerkezet ehhez a táblához `prices`
--

CREATE TABLE `prices` (
  `id` bigint UNSIGNED NOT NULL,
  `userType` enum('Tanuló','Külsős','Tanár','Dolgozó','Admin','Konyha') COLLATE utf8mb4_unicode_ci NOT NULL DEFAULT 'Tanuló',
  `priceCategory` enum('Normál','Kedvezményes') COLLATE utf8mb4_unicode_ci NOT NULL DEFAULT 'Normál',
  `amount` decimal(10,2) NOT NULL,
  `validFrom` date NOT NULL,
  `validTo` date DEFAULT NULL
) ENGINE=InnoDB DEFAULT CHARSET=utf8mb4 COLLATE=utf8mb4_unicode_ci;

--
-- A tábla adatainak kiíratása `prices`
--

INSERT INTO `prices` (`id`, `userType`, `priceCategory`, `amount`, `validFrom`, `validTo`) VALUES
(1, 'Tanuló', 'Normál', 450.00, '2024-09-01', NULL),
(2, 'Tanuló', 'Kedvezményes', 300.00, '2024-09-01', NULL),
(3, 'Tanár', 'Normál', 650.00, '2024-09-01', NULL),
(4, 'Tanár', 'Kedvezményes', 400.00, '2024-09-01', NULL);

-- --------------------------------------------------------

--
-- Tábla szerkezet ehhez a táblához `rfidcards`
--

CREATE TABLE `rfidcards` (
  `id` bigint UNSIGNED NOT NULL,
  `cardNumber` varchar(255) COLLATE utf8mb4_unicode_ci NOT NULL,
  `lastUsedAt` timestamp NULL DEFAULT NULL,
  `isActive` tinyint(1) NOT NULL DEFAULT '1',
  `created_at` timestamp NULL DEFAULT NULL,
  `updated_at` timestamp NULL DEFAULT NULL
) ENGINE=InnoDB DEFAULT CHARSET=utf8mb4 COLLATE=utf8mb4_unicode_ci;

-- --------------------------------------------------------

--
-- Tábla szerkezet ehhez a táblához `userhealthrestrictions`
--

CREATE TABLE `userhealthrestrictions` (
  `user_id` bigint UNSIGNED NOT NULL,
  `allergen_id` bigint UNSIGNED DEFAULT NULL
) ENGINE=InnoDB DEFAULT CHARSET=utf8mb4 COLLATE=utf8mb4_unicode_ci;

--
-- A tábla adatainak kiíratása `userhealthrestrictions`
--

INSERT INTO `userhealthrestrictions` (`user_id`, `allergen_id`) VALUES
(2, 1),
(2, 4);

-- --------------------------------------------------------

--
-- Tábla szerkezet ehhez a táblához `users`
--

CREATE TABLE `users` (
  `id` bigint UNSIGNED NOT NULL,
  `firstName` varchar(255) COLLATE utf8mb4_unicode_ci NOT NULL,
  `lastName` varchar(255) COLLATE utf8mb4_unicode_ci NOT NULL,
  `thirdName` varchar(255) COLLATE utf8mb4_unicode_ci DEFAULT NULL,
  `city_id` bigint UNSIGNED DEFAULT NULL,
  `address` varchar(255) COLLATE utf8mb4_unicode_ci DEFAULT NULL,
  `email` varchar(255) COLLATE utf8mb4_unicode_ci NOT NULL,
  `password` varchar(255) COLLATE utf8mb4_unicode_ci NOT NULL,
  `userType` enum('Tanuló','Tanár','Dolgozó','Admin','Konyha') COLLATE utf8mb4_unicode_ci NOT NULL DEFAULT 'Tanuló',
  `rfidCard_id` bigint UNSIGNED DEFAULT NULL,
  `userStatus` enum('Inaktív','Aktív','Felfüggesztett') COLLATE utf8mb4_unicode_ci NOT NULL DEFAULT 'Inaktív',
  `hasDiscount` tinyint(1) NOT NULL DEFAULT '0',
  `hasDiabetes` tinyint(1) NOT NULL DEFAULT '0',
  `created_at` timestamp NULL DEFAULT NULL,
  `updated_at` timestamp NULL DEFAULT NULL
) ENGINE=InnoDB DEFAULT CHARSET=utf8mb4 COLLATE=utf8mb4_unicode_ci;

--
-- A tábla adatainak kiíratása `users`
--

INSERT INTO `users` (`id`, `firstName`, `lastName`, `thirdName`, `city_id`, `address`, `email`, `password`, `userType`, `rfidCard_id`, `userStatus`, `hasDiscount`, `hasDiabetes`, `created_at`, `updated_at`) VALUES
(1, 'Felhasználó', 'Admin', NULL, 7, 'Admin utca 1.', 'admin@iskola.hu', '$2y$12$ah7B2bI/YIdwo1K9MXYIO.ZDUdKHzRBw6E7Mp2.X3WgtdWLxhpP46', 'Admin', NULL, 'Aktív', 0, 0, '2026-04-26 16:55:59', '2026-04-26 16:55:59'),
(2, 'János', 'Kovács', NULL, 4, 'Tanár utca 2.', 'kovacs.janos@iskola.hu', '$2y$12$JDUl1bI1UXcKTdpTPRKvZuT0/VGCuwAXOguW4TOnumeGEc1eZUQBS', 'Tanár', NULL, 'Aktív', 0, 0, '2026-04-26 16:55:59', '2026-04-26 16:55:59'),
(3, 'Anna', 'Nagy', NULL, 3, 'Tanár utca 3.', 'nagy.anna@iskola.hu', '$2y$12$uZP7qs/d5IR9yBQrNKajj.pqMasPuPJlk1kQmtnqJBhfmHLte.aDi', 'Tanár', NULL, 'Aktív', 0, 0, '2026-04-26 16:55:59', '2026-04-26 16:55:59'),
(4, 'Bence', 'Tóth', NULL, 2, 'Tanuló utca 4.', 'toth.bence@iskola.hu', '$2y$12$lwDu5voRKfgzA8kp4VuKUuVUld9FkRhtop9MouNlPdPopYaIe2gGG', 'Tanuló', NULL, 'Aktív', 0, 0, '2026-04-26 16:56:00', '2026-04-26 16:56:00'),
(5, 'Erika', 'Kiss', NULL, 2, 'Tanuló utca 5.', 'kiss.erika@iskola.hu', '$2y$12$m6xQVT9XdTM8rmxglw7kAeaelLAZ31cpkXucTpO946MnEnrkyJcPe', 'Tanuló', NULL, 'Inaktív', 1, 0, '2026-04-26 16:56:00', '2026-04-26 16:56:00'),
(6, 'Gábor', 'Szabó', NULL, 8, 'Dolgozó utca 6.', 'szabo.gabor@iskola.hu', '$2y$12$9w4DskAi67Wk3eEV6xFILu.hUno6Tr.UEk7BPwf73taXBNMxUaGt6', 'Dolgozó', NULL, 'Aktív', 0, 0, '2026-04-26 16:56:00', '2026-04-26 16:56:00'),
(7, 'Ilona', 'Farkas', NULL, 5, 'Konyha utca 8.', 'farkas.ilona@iskola.hu', '$2y$12$r5h1RHeGVdlDCmm8HCu/D.pu7eFdqLSqTU2cSAEjRJu9SVMxbcyaG', 'Konyha', NULL, 'Aktív', 0, 0, '2026-04-26 16:56:00', '2026-04-26 16:56:00');

--
-- Indexek a kiírt táblákhoz
--

--
-- A tábla indexei `allergens`
--
ALTER TABLE `allergens`
  ADD PRIMARY KEY (`id`),
  ADD UNIQUE KEY `allergens_allergenname_unique` (`allergenName`);

--
-- A tábla indexei `cities`
--
ALTER TABLE `cities`
  ADD PRIMARY KEY (`id`),
  ADD KEY `cities_county_id_foreign` (`county_id`);

--
-- A tábla indexei `counties`
--
ALTER TABLE `counties`
  ADD PRIMARY KEY (`id`);

--
-- A tábla indexei `documents`
--
ALTER TABLE `documents`
  ADD PRIMARY KEY (`id`),
  ADD KEY `documents_user_id_foreign` (`user_id`);

--
-- A tábla indexei `ingredients`
--
ALTER TABLE `ingredients`
  ADD PRIMARY KEY (`id`),
  ADD UNIQUE KEY `ingredients_ingredientname_unique` (`ingredientName`);

--
-- A tábla indexei `ingredient_allergens`
--
ALTER TABLE `ingredient_allergens`
  ADD PRIMARY KEY (`ingredient_id`,`allergen_id`),
  ADD UNIQUE KEY `ingredient_allergens_ingredient_id_allergen_id_unique` (`ingredient_id`,`allergen_id`),
  ADD KEY `ingredient_allergens_allergen_id_foreign` (`allergen_id`);

--
-- A tábla indexei `invoices`
--
ALTER TABLE `invoices`
  ADD PRIMARY KEY (`id`),
  ADD UNIQUE KEY `invoices_invoicenumber_unique` (`invoiceNumber`),
  ADD KEY `invoices_user_id_foreign` (`user_id`);

--
-- A tábla indexei `meals`
--
ALTER TABLE `meals`
  ADD PRIMARY KEY (`id`);

--
-- A tábla indexei `meal_ingredients`
--
ALTER TABLE `meal_ingredients`
  ADD PRIMARY KEY (`meal_id`,`ingredient_id`),
  ADD KEY `meal_ingredients_ingredient_id_foreign` (`ingredient_id`);

--
-- A tábla indexei `menuitems`
--
ALTER TABLE `menuitems`
  ADD PRIMARY KEY (`id`),
  ADD UNIQUE KEY `menuitems_day_unique` (`day`),
  ADD KEY `menuitems_soup_foreign` (`soup`),
  ADD KEY `menuitems_optiona_foreign` (`optionA`),
  ADD KEY `menuitems_optionb_foreign` (`optionB`),
  ADD KEY `menuitems_other_foreign` (`other`);

--
-- A tábla indexei `migrations`
--
ALTER TABLE `migrations`
  ADD PRIMARY KEY (`id`);

--
-- A tábla indexei `orders`
--
ALTER TABLE `orders`
  ADD PRIMARY KEY (`id`),
  ADD KEY `orders_user_id_foreign` (`user_id`),
  ADD KEY `orders_menuitems_id_foreign` (`menuItems_id`),
  ADD KEY `orders_invoice_id_foreign` (`invoice_id`),
  ADD KEY `orders_price_id_foreign` (`price_id`);

--
-- A tábla indexei `personal_access_tokens`
--
ALTER TABLE `personal_access_tokens`
  ADD PRIMARY KEY (`id`),
  ADD UNIQUE KEY `personal_access_tokens_token_unique` (`token`),
  ADD KEY `personal_access_tokens_tokenable_type_tokenable_id_index` (`tokenable_type`,`tokenable_id`),
  ADD KEY `personal_access_tokens_expires_at_index` (`expires_at`);

--
-- A tábla indexei `prices`
--
ALTER TABLE `prices`
  ADD PRIMARY KEY (`id`);

--
-- A tábla indexei `rfidcards`
--
ALTER TABLE `rfidcards`
  ADD PRIMARY KEY (`id`),
  ADD UNIQUE KEY `rfidcards_cardnumber_unique` (`cardNumber`);

--
-- A tábla indexei `userhealthrestrictions`
--
ALTER TABLE `userhealthrestrictions`
  ADD KEY `userhealthrestrictions_user_id_foreign` (`user_id`),
  ADD KEY `userhealthrestrictions_allergen_id_foreign` (`allergen_id`);

--
-- A tábla indexei `users`
--
ALTER TABLE `users`
  ADD PRIMARY KEY (`id`),
  ADD UNIQUE KEY `users_email_unique` (`email`),
  ADD KEY `users_city_id_foreign` (`city_id`),
  ADD KEY `users_rfidcard_id_foreign` (`rfidCard_id`);

--
-- A kiírt táblák AUTO_INCREMENT értéke
--

--
-- AUTO_INCREMENT a táblához `allergens`
--
ALTER TABLE `allergens`
  MODIFY `id` bigint UNSIGNED NOT NULL AUTO_INCREMENT, AUTO_INCREMENT=12;

--
-- AUTO_INCREMENT a táblához `cities`
--
ALTER TABLE `cities`
  MODIFY `id` bigint UNSIGNED NOT NULL AUTO_INCREMENT, AUTO_INCREMENT=3413;

--
-- AUTO_INCREMENT a táblához `counties`
--
ALTER TABLE `counties`
  MODIFY `id` bigint UNSIGNED NOT NULL AUTO_INCREMENT, AUTO_INCREMENT=20;

--
-- AUTO_INCREMENT a táblához `documents`
--
ALTER TABLE `documents`
  MODIFY `id` bigint UNSIGNED NOT NULL AUTO_INCREMENT;

--
-- AUTO_INCREMENT a táblához `ingredients`
--
ALTER TABLE `ingredients`
  MODIFY `id` bigint UNSIGNED NOT NULL AUTO_INCREMENT, AUTO_INCREMENT=47;

--
-- AUTO_INCREMENT a táblához `invoices`
--
ALTER TABLE `invoices`
  MODIFY `id` bigint UNSIGNED NOT NULL AUTO_INCREMENT;

--
-- AUTO_INCREMENT a táblához `meals`
--
ALTER TABLE `meals`
  MODIFY `id` bigint UNSIGNED NOT NULL AUTO_INCREMENT, AUTO_INCREMENT=18;

--
-- AUTO_INCREMENT a táblához `menuitems`
--
ALTER TABLE `menuitems`
  MODIFY `id` bigint UNSIGNED NOT NULL AUTO_INCREMENT, AUTO_INCREMENT=22;

--
-- AUTO_INCREMENT a táblához `migrations`
--
ALTER TABLE `migrations`
  MODIFY `id` int UNSIGNED NOT NULL AUTO_INCREMENT, AUTO_INCREMENT=10;

--
-- AUTO_INCREMENT a táblához `orders`
--
ALTER TABLE `orders`
  MODIFY `id` bigint UNSIGNED NOT NULL AUTO_INCREMENT;

--
-- AUTO_INCREMENT a táblához `personal_access_tokens`
--
ALTER TABLE `personal_access_tokens`
  MODIFY `id` bigint UNSIGNED NOT NULL AUTO_INCREMENT, AUTO_INCREMENT=3;

--
-- AUTO_INCREMENT a táblához `prices`
--
ALTER TABLE `prices`
  MODIFY `id` bigint UNSIGNED NOT NULL AUTO_INCREMENT, AUTO_INCREMENT=5;

--
-- AUTO_INCREMENT a táblához `rfidcards`
--
ALTER TABLE `rfidcards`
  MODIFY `id` bigint UNSIGNED NOT NULL AUTO_INCREMENT;

--
-- AUTO_INCREMENT a táblához `users`
--
ALTER TABLE `users`
  MODIFY `id` bigint UNSIGNED NOT NULL AUTO_INCREMENT, AUTO_INCREMENT=8;

--
-- Megkötések a kiírt táblákhoz
--

--
-- Megkötések a táblához `cities`
--
ALTER TABLE `cities`
  ADD CONSTRAINT `cities_county_id_foreign` FOREIGN KEY (`county_id`) REFERENCES `counties` (`id`);

--
-- Megkötések a táblához `documents`
--
ALTER TABLE `documents`
  ADD CONSTRAINT `documents_user_id_foreign` FOREIGN KEY (`user_id`) REFERENCES `users` (`id`) ON DELETE CASCADE;

--
-- Megkötések a táblához `ingredient_allergens`
--
ALTER TABLE `ingredient_allergens`
  ADD CONSTRAINT `ingredient_allergens_allergen_id_foreign` FOREIGN KEY (`allergen_id`) REFERENCES `allergens` (`id`) ON DELETE CASCADE,
  ADD CONSTRAINT `ingredient_allergens_ingredient_id_foreign` FOREIGN KEY (`ingredient_id`) REFERENCES `ingredients` (`id`) ON DELETE CASCADE;

--
-- Megkötések a táblához `invoices`
--
ALTER TABLE `invoices`
  ADD CONSTRAINT `invoices_user_id_foreign` FOREIGN KEY (`user_id`) REFERENCES `users` (`id`);

--
-- Megkötések a táblához `meal_ingredients`
--
ALTER TABLE `meal_ingredients`
  ADD CONSTRAINT `meal_ingredients_ingredient_id_foreign` FOREIGN KEY (`ingredient_id`) REFERENCES `ingredients` (`id`),
  ADD CONSTRAINT `meal_ingredients_meal_id_foreign` FOREIGN KEY (`meal_id`) REFERENCES `meals` (`id`);

--
-- Megkötések a táblához `menuitems`
--
ALTER TABLE `menuitems`
  ADD CONSTRAINT `menuitems_optiona_foreign` FOREIGN KEY (`optionA`) REFERENCES `meals` (`id`),
  ADD CONSTRAINT `menuitems_optionb_foreign` FOREIGN KEY (`optionB`) REFERENCES `meals` (`id`),
  ADD CONSTRAINT `menuitems_other_foreign` FOREIGN KEY (`other`) REFERENCES `meals` (`id`),
  ADD CONSTRAINT `menuitems_soup_foreign` FOREIGN KEY (`soup`) REFERENCES `meals` (`id`);

--
-- Megkötések a táblához `orders`
--
ALTER TABLE `orders`
  ADD CONSTRAINT `orders_invoice_id_foreign` FOREIGN KEY (`invoice_id`) REFERENCES `invoices` (`id`),
  ADD CONSTRAINT `orders_menuitems_id_foreign` FOREIGN KEY (`menuItems_id`) REFERENCES `menuitems` (`id`),
  ADD CONSTRAINT `orders_price_id_foreign` FOREIGN KEY (`price_id`) REFERENCES `prices` (`id`),
  ADD CONSTRAINT `orders_user_id_foreign` FOREIGN KEY (`user_id`) REFERENCES `users` (`id`);

--
-- Megkötések a táblához `userhealthrestrictions`
--
ALTER TABLE `userhealthrestrictions`
  ADD CONSTRAINT `userhealthrestrictions_allergen_id_foreign` FOREIGN KEY (`allergen_id`) REFERENCES `allergens` (`id`),
  ADD CONSTRAINT `userhealthrestrictions_user_id_foreign` FOREIGN KEY (`user_id`) REFERENCES `users` (`id`);

--
-- Megkötések a táblához `users`
--
ALTER TABLE `users`
  ADD CONSTRAINT `users_city_id_foreign` FOREIGN KEY (`city_id`) REFERENCES `cities` (`id`),
  ADD CONSTRAINT `users_rfidcard_id_foreign` FOREIGN KEY (`rfidCard_id`) REFERENCES `rfidcards` (`id`);
COMMIT;

/*!40101 SET CHARACTER_SET_CLIENT=@OLD_CHARACTER_SET_CLIENT */;
/*!40101 SET CHARACTER_SET_RESULTS=@OLD_CHARACTER_SET_RESULTS */;
/*!40101 SET COLLATION_CONNECTION=@OLD_COLLATION_CONNECTION */;
